A1,A2,A3,A4,A5,A6,A7,A8,A9,A10,A11,y
9.4,0.56,7.4,3.51,11.0,0.0,0.7,0.076,0.9978,1.9,34.0,1
9.8,0.68,7.8,3.2,25.0,0.0,0.88,0.098,0.9968,2.6,67.0,1
9.8,0.65,7.8,3.26,15.0,0.04,0.76,0.092,0.997,2.3,54.0,1
9.8,0.58,11.2,3.16,17.0,0.56,0.28,0.075,0.998,1.9,60.0,0
9.4,0.56,7.4,3.51,11.0,0.0,0.7,0.076,0.9978,1.9,34.0,1
9.4,0.56,7.4,3.51,13.0,0.0,0.66,0.075,0.9978,1.8,40.0,1
9.4,0.46,7.9,3.3,15.0,0.06,0.6,0.069,0.9964,1.6,59.0,1
10.5,0.8,7.5,3.35,17.0,0.36,0.5,0.071,0.9978,6.1,102.0,1
9.2,0.54,6.7,3.28,15.0,0.08,0.58,0.097,0.9959,1.8,65.0,1
10.5,0.8,7.5,3.35,17.0,0.36,0.5,0.071,0.9978,6.1,102.0,1
9.9,0.52,5.6,3.58,16.0,0.0,0.615,0.089,0.9943,1.6,59.0,1
9.1,1.56,7.8,3.26,9.0,0.29,0.61,0.114,0.9974,1.6,29.0,1
9.2,0.88,8.9,3.16,52.0,0.18,0.62,0.176,0.9986,3.8,145.0,1
9.2,0.93,8.9,3.17,51.0,0.19,0.62,0.17,0.9986,3.9,148.0,1
9.3,1.28,8.1,3.11,16.0,0.28,0.56,0.368,0.9968,1.7,56.0,1
9.2,1.08,7.9,3.04,17.0,0.51,0.32,0.341,0.9969,1.8,56.0,0
9.4,0.53,8.9,3.39,29.0,0.48,0.22,0.077,0.9968,1.8,60.0,0
9.7,0.65,7.6,3.52,23.0,0.31,0.39,0.082,0.9982,2.3,71.0,1
9.5,0.91,7.9,3.17,10.0,0.21,0.43,0.106,0.9966,1.6,37.0,1
9.4,0.53,8.5,3.17,9.0,0.11,0.49,0.084,0.9968,2.3,67.0,1
9.7,0.63,6.9,3.43,21.0,0.14,0.4,0.085,0.9968,2.4,40.0,0
9.3,0.56,6.3,3.34,11.0,0.16,0.39,0.08,0.9955,1.4,23.0,1
9.5,0.59,7.6,3.28,4.0,0.24,0.41,0.08,0.9962,1.8,11.0,1
9.5,0.91,7.9,3.17,10.0,0.21,0.43,0.106,0.9966,1.6,37.0,1
9.4,0.55,7.1,3.47,14.0,0.0,0.71,0.08,0.9972,1.9,35.0,1
9.8,0.59,7.8,3.38,8.0,0.0,0.645,0.082,0.9964,2.0,16.0,0
10.1,0.54,6.7,3.35,17.0,0.07,0.675,0.089,0.9958,2.4,82.0,1
10.6,0.57,6.9,3.46,22.0,0.0,0.685,0.105,0.9966,2.5,37.0,0
9.8,0.66,8.3,3.17,15.0,0.12,0.655,0.083,0.9966,2.3,113.0,1
9.4,0.52,6.9,3.45,40.0,0.12,0.605,0.073,0.9993,10.7,83.0,0
9.2,0.55,5.2,3.38,13.0,0.25,0.32,0.103,0.9957,1.8,50.0,1
9.6,0.55,7.8,3.4,5.0,0.0,0.645,0.086,0.9986,5.5,18.0,0
10.8,0.6,7.8,3.42,3.0,0.14,0.6,0.086,0.9975,2.4,15.0,0
10.5,0.83,7.3,3.33,12.0,0.36,0.45,0.074,0.9978,5.9,87.0,1
10.5,0.83,7.3,3.33,12.0,0.36,0.45,0.074,0.9978,5.9,87.0,1
10.5,0.9,7.5,3.21,8.0,0.2,0.49,0.332,0.9968,2.6,14.0,0
10.3,1.2,8.1,3.3,9.0,0.22,0.66,0.069,0.9968,2.2,23.0,1
9.5,0.52,6.8,3.48,5.0,0.02,0.67,0.05,0.9962,1.8,11.0,1
9.2,0.73,7.7,3.25,22.0,0.43,0.935,0.114,0.997,2.2,114.0,1
9.5,0.58,8.7,3.25,12.0,0.52,0.29,0.113,0.9969,1.6,37.0,1
9.2,0.56,6.4,3.34,5.0,0.23,0.4,0.066,0.9958,1.6,12.0,1
9.2,0.58,5.6,3.32,12.0,0.37,0.31,0.074,0.9954,1.4,96.0,1
9.2,0.74,8.8,3.15,4.0,0.26,0.66,0.074,0.9971,1.7,23.0,1
9.4,0.63,6.6,3.4,8.0,0.04,0.52,0.069,0.9956,2.2,15.0,0
9.4,0.64,6.6,3.39,6.0,0.04,0.5,0.068,0.9955,2.1,14.0,0
9.4,0.56,8.6,3.2,30.0,0.36,0.38,0.081,0.997,3.0,119.0,1
10.2,0.63,7.6,3.17,33.0,0.15,0.51,0.11,0.9955,2.8,73.0,0
9.5,0.53,7.7,3.34,25.0,0.04,0.62,0.084,0.9978,3.8,45.0,1
9.6,0.63,10.2,3.04,4.0,0.57,0.42,0.07,0.9971,3.4,10.0,1
9.4,0.77,7.5,3.26,50.0,0.12,0.63,0.111,0.9983,5.1,110.0,1
10.0,0.59,7.8,3.43,17.0,0.18,0.59,0.076,0.9975,2.3,54.0,1
9.4,0.54,7.3,3.41,9.0,0.31,0.39,0.074,0.9962,2.4,46.0,0
9.2,0.64,8.8,3.44,19.0,0.4,0.4,0.079,0.998,2.2,52.0,1
9.3,0.71,7.7,3.21,20.0,0.49,0.69,0.115,0.9968,1.8,112.0,1
9.8,0.57,7.0,3.39,13.0,0.05,0.735,0.081,0.9966,2.0,54.0,1
10.9,0.39,7.2,3.41,4.0,0.05,0.725,0.086,0.9962,4.65,11.0,1
10.9,0.39,7.2,3.41,4.0,0.05,0.725,0.086,0.9962,4.65,11.0,1
9.6,0.58,7.5,3.42,11.0,0.11,0.52,0.079,0.9968,1.5,39.0,1
10.7,0.58,6.6,3.44,6.0,0.07,0.705,0.076,0.9962,1.6,15.0,1
10.7,0.79,9.3,3.28,27.0,0.57,0.32,0.074,0.9969,2.0,65.0,1
10.5,0.95,8.0,3.34,8.0,0.05,0.705,0.074,0.9962,1.9,19.0,0
9.5,0.54,7.7,3.32,15.0,0.08,0.63,0.076,0.9967,1.9,27.0,0
9.5,0.48,7.7,3.32,17.0,0.23,0.67,0.088,0.9962,2.1,96.0,1
9.5,0.48,7.7,3.31,18.0,0.22,0.69,0.084,0.9961,1.9,94.0,1
9.6,0.82,9.7,3.28,28.0,0.54,0.32,0.094,0.9984,2.5,83.0,1
10.5,0.66,8.8,3.54,9.0,0.64,0.41,0.093,0.9986,2.2,42.0,1
10.5,0.66,8.8,3.54,9.0,0.64,0.41,0.093,0.9986,2.2,42.0,1
10.7,0.55,6.8,3.52,14.0,0.0,0.785,0.104,0.9966,2.4,30.0,0
10.1,0.52,6.7,3.38,12.0,0.12,0.75,0.086,0.9958,2.0,80.0,1
9.2,0.56,6.2,3.41,3.0,0.2,0.45,0.069,0.9958,1.6,15.0,1
9.4,1.28,7.8,3.13,22.0,0.7,0.43,0.464,0.9974,1.9,67.0,1
9.1,0.57,7.4,3.36,21.0,0.47,0.5,0.086,0.997,2.0,73.0,1
9.4,1.14,7.3,3.16,16.0,0.26,0.67,0.401,0.9969,1.8,51.0,1
10.3,0.78,6.3,3.44,18.0,0.48,0.3,0.069,0.9959,1.8,61.0,0
10.1,0.59,6.9,3.41,19.0,0.15,0.55,0.076,0.9961,2.2,40.0,1
9.9,1.95,8.6,2.93,20.0,0.28,0.49,0.11,0.9972,1.9,136.0,0
9.6,0.64,7.7,3.39,9.0,0.26,0.49,0.062,0.9966,1.9,31.0,1
9.5,1.22,9.3,3.14,34.0,0.44,0.39,0.107,0.9978,2.1,125.0,1
9.0,0.53,7.0,3.48,8.0,0.08,0.62,0.076,0.9978,1.8,24.0,1
9.5,0.54,7.9,3.23,42.0,0.26,0.52,0.079,0.9964,1.9,140.0,1
9.9,1.95,8.6,2.93,20.0,0.28,0.49,0.11,0.9972,1.9,136.0,0
9.8,1.98,8.6,2.93,19.0,0.29,0.49,0.11,0.9972,2.0,133.0,1
9.6,0.64,7.7,3.39,9.0,0.26,0.49,0.062,0.9966,1.9,31.0,1
12.9,0.6,4.7,3.85,17.0,0.17,0.6,0.058,0.9932,2.3,106.0,0
10.7,0.56,6.8,3.45,8.0,0.0,0.775,0.102,0.9965,3.0,23.0,1
9.2,0.63,7.0,3.25,3.0,0.25,0.5,0.07,0.9963,2.0,22.0,1
9.8,0.56,7.6,3.39,5.0,0.06,0.9,0.079,0.9967,2.5,10.0,1
9.0,0.59,8.1,3.3,13.0,0.18,0.545,0.08,0.9972,1.9,35.0,0
10.2,0.61,8.3,3.4,11.0,0.3,0.61,0.084,0.9972,2.1,50.0,0
10.4,0.56,7.8,3.31,8.0,0.3,0.5,0.075,0.9959,1.9,22.0,0
9.0,0.59,8.1,3.3,13.0,0.18,0.545,0.08,0.9972,1.9,35.0,0
9.2,0.51,8.1,3.29,12.0,0.22,0.575,0.077,0.9967,2.1,65.0,1
9.4,0.48,7.2,3.33,5.0,0.24,0.49,0.07,0.996,2.2,36.0,1
9.2,0.51,8.1,3.29,12.0,0.22,0.575,0.077,0.9967,2.1,65.0,1
9.3,1.31,7.8,3.08,18.0,0.68,0.41,0.467,0.9973,1.7,69.0,1
9.3,0.79,6.2,3.46,15.0,0.31,0.63,0.088,0.9969,1.7,64.0,1
9.6,0.8,8.0,3.37,18.0,0.53,0.33,0.091,0.9976,2.5,80.0,0
9.3,0.69,8.1,3.21,37.0,0.52,0.785,0.122,0.9969,2.0,153.0,1
9.5,0.93,7.8,3.19,12.0,0.19,0.56,0.104,0.9964,1.8,47.0,1
9.8,0.66,8.4,3.15,11.0,0.09,0.62,0.084,0.9964,2.2,108.0,1
9.8,0.66,8.4,3.15,14.0,0.1,0.6,0.085,0.9964,2.2,111.0,1
9.7,0.67,10.1,3.32,22.0,0.44,0.31,0.08,0.9988,2.3,46.0,0
9.5,0.93,7.8,3.19,12.0,0.19,0.56,0.104,0.9964,1.8,47.0,1
10.5,0.63,9.4,3.07,13.0,0.31,0.4,0.09,0.9966,2.2,62.0,0
10.0,0.61,8.3,3.39,11.0,0.28,0.54,0.077,0.9978,1.9,40.0,0
9.4,0.5,7.8,3.37,7.0,0.12,0.56,0.082,0.997,2.0,28.0,0
10.9,0.6,8.8,3.21,14.0,0.04,0.55,0.119,0.9962,2.2,56.0,0
9.2,0.54,7.0,3.34,22.0,0.08,0.69,0.097,0.9959,1.8,89.0,0
9.0,0.57,7.3,3.3,10.0,0.09,1.07,0.178,0.9962,1.7,89.0,1
10.9,0.6,8.8,3.21,14.0,0.04,0.55,0.119,0.9962,2.2,56.0,0
9.2,0.52,7.3,3.49,3.0,0.0,0.695,0.075,0.998,2.5,13.0,1
9.5,0.53,8.0,3.44,11.0,0.0,0.71,0.08,0.9976,2.6,34.0,1
9.5,0.48,7.8,3.39,21.0,0.17,0.5,0.082,0.996,1.6,102.0,1
9.4,0.7,9.0,3.16,27.0,0.04,0.62,0.146,0.9984,1.9,90.0,1
10.9,0.49,8.2,3.53,3.0,0.0,1.33,0.081,0.9964,1.7,12.0,1
10.9,0.48,8.1,3.54,3.0,0.0,1.33,0.082,0.9964,1.8,12.0,1
9.4,0.57,6.1,3.42,6.0,0.15,0.38,0.072,0.9955,1.8,19.0,1
9.4,0.66,8.0,3.24,30.0,0.56,0.745,0.118,0.9968,2.0,134.0,1
13.0,0.63,5.6,3.63,17.0,0.09,0.5,0.049,0.9937,2.3,99.0,1
13.0,0.63,5.6,3.63,17.0,0.09,0.5,0.049,0.9937,2.3,99.0,1
9.8,0.58,6.6,3.4,17.0,0.01,0.5,0.06,0.9952,1.5,26.0,0
9.9,0.55,7.9,3.22,13.0,0.05,1.04,0.084,0.9959,2.2,29.0,0
9.6,0.82,8.4,3.19,16.0,0.11,0.745,0.09,0.9965,1.9,63.0,1
9.5,0.77,8.3,3.23,10.0,0.15,0.715,0.089,0.9968,1.8,52.0,1
9.2,0.64,7.2,3.48,13.0,0.36,0.415,0.081,0.9972,2.0,45.0,1
9.5,0.54,7.8,3.33,15.0,0.19,0.56,0.081,0.9962,2.1,105.0,1
9.5,0.54,7.8,3.32,17.0,0.19,0.56,0.081,0.9962,2.0,108.0,1
9.6,0.82,8.4,3.19,16.0,0.11,0.745,0.09,0.9965,1.9,63.0,1
9.5,0.77,8.3,3.23,10.0,0.15,0.715,0.089,0.9968,1.8,52.0,1
14.0,0.79,5.2,3.68,27.0,0.0,0.34,0.05,0.9916,1.8,63.0,0
9.4,0.58,6.3,3.34,3.0,0.08,0.39,0.066,0.9954,1.7,20.0,1
14.0,0.79,5.2,3.68,27.0,0.0,0.34,0.05,0.9916,1.8,63.0,0
9.4,0.62,8.1,3.17,32.0,0.55,0.67,0.117,0.9968,1.8,141.0,1
10.0,0.52,5.8,3.54,21.0,0.02,0.68,0.087,0.9944,1.8,94.0,1
9.3,0.8,7.6,3.11,10.0,0.26,0.49,0.236,0.9968,1.6,88.0,1
10.2,0.58,6.9,3.42,12.0,0.1,0.49,0.074,0.9959,2.3,30.0,0
10.5,0.61,8.2,3.53,11.0,0.44,0.4,0.089,0.9975,2.8,43.0,0
10.3,0.53,7.3,3.33,5.0,0.47,0.33,0.077,0.9958,2.1,11.0,0
10.1,0.54,7.5,3.35,25.0,0.03,0.6,0.095,0.995,1.8,99.0,1
10.1,0.54,7.5,3.35,25.0,0.03,0.6,0.095,0.995,1.8,99.0,1
10.5,0.72,7.1,3.42,29.0,0.42,0.43,0.07,0.9973,5.5,129.0,1
10.5,0.71,7.1,3.42,28.0,0.42,0.43,0.071,0.9973,5.5,128.0,1
10.5,0.72,7.1,3.42,29.0,0.42,0.43,0.07,0.9973,5.5,129.0,1
10.5,0.71,7.1,3.42,28.0,0.42,0.43,0.071,0.9973,5.5,128.0,1
9.3,0.5,7.1,3.48,12.0,0.0,0.68,0.073,0.9969,2.2,22.0,1
9.3,0.57,6.8,3.59,18.0,0.18,0.6,0.079,0.9968,1.9,86.0,0
9.6,0.56,7.6,3.2,7.0,0.03,0.95,0.09,0.9959,2.0,20.0,1
10.0,0.56,7.8,3.33,17.0,0.04,0.53,0.076,0.9964,1.7,31.0,0
9.4,0.49,7.4,3.37,36.0,0.26,0.6,0.07,0.9982,7.3,121.0,1
9.4,0.49,7.3,3.37,35.0,0.26,0.59,0.07,0.9981,7.2,121.0,1
9.5,0.62,7.8,3.19,14.0,0.48,0.63,0.1,0.9961,1.7,96.0,1
10.2,0.52,6.8,3.34,18.0,0.1,0.64,0.085,0.9956,2.1,101.0,1
10.4,0.55,6.8,3.47,11.0,0.07,0.63,0.089,0.9953,2.1,44.0,0
9.5,1.59,7.5,3.0,15.0,0.24,0.705,0.36,0.9964,1.8,63.0,1
9.2,0.61,8.0,3.29,6.0,0.17,0.42,0.073,0.9972,2.0,18.0,0
9.2,0.61,8.0,3.29,6.0,0.17,0.42,0.073,0.9972,2.0,18.0,0
11.5,0.57,7.4,3.42,24.0,0.05,0.62,0.068,0.9961,1.9,42.0,0
9.5,0.47,7.3,3.33,7.0,0.21,0.38,0.08,0.9961,2.0,35.0,1
9.5,0.78,6.9,3.35,19.0,0.04,0.5,0.085,0.9958,1.5,49.0,1
9.5,0.47,7.3,3.33,7.0,0.21,0.38,0.08,0.9961,2.0,35.0,1
10.5,0.61,7.5,3.58,8.0,0.42,0.52,0.087,0.9972,2.3,38.0,0
9.6,0.56,7.0,3.48,7.0,0.0,0.805,0.068,0.9969,2.5,20.0,1
9.5,0.59,8.8,3.19,10.0,0.14,0.61,0.067,0.9969,2.4,42.0,1
9.5,0.59,8.8,3.19,10.0,0.14,0.61,0.067,0.9969,2.4,42.0,1
9.3,1.02,8.9,3.12,23.0,0.49,0.61,0.27,0.9972,2.0,110.0,1
9.3,0.52,7.2,3.44,16.0,0.02,0.73,0.076,0.9972,2.5,42.0,1
9.3,0.58,6.8,3.54,11.0,0.2,0.61,0.077,0.9971,1.8,65.0,1
9.3,0.58,6.7,3.52,8.0,0.21,0.62,0.079,0.997,1.9,62.0,0
9.7,0.53,8.9,3.26,26.0,0.57,0.31,0.111,0.9971,2.0,85.0,1
9.2,0.55,7.4,3.34,14.0,0.48,0.39,0.082,0.9972,2.0,67.0,1
9.7,0.49,7.7,3.39,9.0,0.1,0.705,0.084,0.9976,2.6,26.0,1
9.5,0.55,7.9,3.2,15.0,0.33,0.5,0.084,0.9968,2.0,143.0,1
9.5,0.55,7.9,3.2,17.0,0.32,0.49,0.082,0.9968,1.9,144.0,1
9.4,0.62,8.2,3.23,21.0,0.35,0.5,0.077,0.9976,2.9,127.0,1
9.8,0.62,6.4,3.57,21.0,0.25,0.37,0.074,0.9974,1.9,49.0,0
9.5,0.61,6.8,3.28,16.0,0.12,0.63,0.099,0.9969,3.8,126.0,1
9.7,0.55,7.6,3.28,7.0,0.21,0.55,0.071,0.9964,2.2,28.0,1
9.7,0.55,7.6,3.28,7.0,0.21,0.55,0.071,0.9964,2.2,28.0,1
9.4,0.54,7.8,3.25,24.0,0.33,0.59,0.074,0.9968,2.0,120.0,1
10.2,0.59,7.3,3.46,15.0,0.3,0.58,0.074,0.9968,2.4,55.0,1
10.1,0.97,11.5,3.11,12.0,0.6,0.3,0.067,0.9981,2.0,27.0,0
9.3,1.03,8.8,3.04,39.0,0.48,0.37,0.097,0.9975,2.1,145.0,1
9.5,0.79,6.8,3.36,16.0,0.11,0.5,0.075,0.99545,1.5,49.0,1
9.2,0.55,7.0,3.34,16.0,0.35,0.42,0.088,0.9961,1.6,39.0,1
9.2,0.56,7.0,3.34,14.0,0.36,0.43,0.089,0.99615,1.6,37.0,0
9.3,0.53,7.8,3.29,26.0,0.31,0.57,0.069,0.99625,1.8,120.0,1
9.4,0.67,7.8,3.22,18.0,0.28,0.44,0.1,0.9966,2.7,95.0,1
12.4,0.86,9.7,3.3,5.0,0.6,0.53,0.039,0.99585,2.0,19.0,0
10.0,0.56,8.0,3.35,10.0,0.24,0.725,0.083,0.99685,2.8,62.0,0
10.2,0.67,11.6,3.21,5.0,0.64,0.44,0.059,0.998,2.1,15.0,0
10.1,0.43,8.2,3.3,28.0,0.26,0.57,0.06,0.9959,2.2,65.0,1
9.8,0.71,7.8,3.24,10.0,0.08,0.735,0.092,0.9974,2.4,41.0,0
10.5,0.76,7.0,3.34,26.0,0.49,0.49,0.06,0.9974,5.6,121.0,1
11.0,0.57,8.7,3.14,13.0,0.16,0.625,0.101,0.9962,2.0,49.0,1
9.1,0.55,8.1,3.36,11.0,0.22,0.725,0.072,0.9967,2.2,41.0,1
9.7,0.54,7.5,3.39,10.0,0.19,0.49,0.076,0.9957,1.9,44.0,1
9.5,0.6,7.8,3.3,24.0,0.33,0.53,0.08,0.99655,2.4,144.0,1
9.4,0.59,7.8,3.34,24.0,0.37,0.34,0.082,0.9964,2.0,58.0,0
9.4,0.57,7.4,3.15,16.0,0.26,0.53,0.101,0.9957,2.0,72.0,1
9.5,0.6,6.8,3.42,5.0,0.04,0.61,0.057,0.99525,1.5,10.0,1
10.0,0.6,8.6,3.28,8.0,0.25,0.645,0.083,0.99815,2.0,28.0,0
10.5,0.58,7.7,3.37,29.0,0.25,0.43,0.073,0.99615,2.6,63.0,0
9.5,1.61,8.9,3.04,27.0,0.5,0.59,0.337,0.9964,2.0,81.0,0
9.8,0.63,9.0,3.39,9.0,0.14,0.82,0.089,0.9984,2.6,23.0,1
10.5,0.58,7.7,3.37,29.0,0.25,0.43,0.073,0.99615,2.6,63.0,0
11.0,0.5,6.9,3.46,10.0,0.25,0.52,0.081,0.99685,2.6,37.0,1
9.9,0.52,8.0,3.37,12.0,0.06,0.38,0.078,0.99625,1.8,49.0,0
9.6,0.7,8.5,3.34,18.0,0.2,0.37,0.09,0.998,2.8,58.0,0
11.0,0.5,6.9,3.46,10.0,0.25,0.52,0.081,0.99685,2.6,37.0,1
9.0,0.55,8.2,3.32,7.0,0.09,1.0,0.065,0.99685,2.3,37.0,0
9.0,0.58,7.2,3.37,14.0,0.0,0.63,0.097,0.99675,1.9,38.0,0
9.0,0.58,7.2,3.37,14.0,0.0,0.63,0.097,0.99675,1.9,38.0,0
9.2,0.58,7.2,3.37,15.0,0.0,0.645,0.097,0.99675,1.9,39.0,0
9.0,0.58,7.2,3.37,14.0,0.0,0.63,0.097,0.99675,1.9,38.0,0
9.0,0.55,8.2,3.32,7.0,0.09,1.0,0.065,0.99685,2.3,37.0,0
9.3,1.09,8.9,3.0,5.0,0.37,0.635,0.263,0.9971,1.7,62.0,1
10.9,0.71,12.0,3.14,6.0,0.56,0.38,0.093,0.99925,2.1,24.0,0
9.8,0.49,7.7,3.08,28.0,0.1,0.58,0.102,0.99565,1.8,109.0,0
9.9,0.96,7.3,3.61,6.0,0.0,0.66,0.084,0.9983,2.0,23.0,0
9.5,0.52,7.1,3.38,16.0,0.07,0.68,0.075,0.99685,1.9,51.0,1
9.3,0.45,8.2,3.2,11.0,0.17,0.6,0.072,0.9963,2.3,73.0,1
9.8,0.48,7.7,3.35,9.0,0.06,0.53,0.074,0.99615,1.7,39.0,0
9.9,0.96,7.3,3.61,6.0,0.0,0.66,0.084,0.9983,2.0,23.0,0
10.0,0.78,10.8,3.22,16.0,0.44,0.32,0.063,0.9985,1.6,37.0,0
9.9,0.7,7.1,3.47,16.0,0.0,0.6,0.074,0.9972,1.8,34.0,0
10.5,0.53,11.1,3.17,5.0,0.48,0.35,0.09,0.9986,3.1,21.0,1
9.5,0.59,7.7,3.23,8.0,0.42,0.775,0.092,0.9959,1.9,86.0,1
9.9,0.7,7.1,3.47,16.0,0.0,0.6,0.074,0.9972,1.8,34.0,0
9.3,0.57,8.0,3.26,17.0,0.23,0.57,0.073,0.99675,3.2,119.0,1
9.2,0.62,9.4,3.22,5.0,0.37,0.34,0.075,0.998,2.2,13.0,1
9.2,0.67,6.6,3.49,12.0,0.0,0.695,0.075,0.9968,2.1,56.0,1
9.4,1.26,7.7,3.06,8.0,0.76,0.41,0.611,0.9968,1.8,45.0,1
9.3,0.65,7.9,3.29,18.0,0.23,0.33,0.077,0.99625,1.7,45.0,1
10.0,0.57,8.0,3.34,10.0,0.03,0.52,0.07,0.99575,1.7,35.0,1
9.3,0.67,7.9,3.28,23.0,0.23,0.37,0.077,0.9963,1.8,49.0,1
10.9,0.87,12.5,3.08,5.0,0.49,0.56,0.064,0.9999,2.4,27.0,1
9.4,0.91,6.9,3.69,7.0,0.04,0.54,0.077,0.9987,3.0,27.0,0
10.1,0.97,11.5,3.28,4.0,0.51,0.18,0.104,0.9996,4.0,23.0,0
10.7,0.67,7.9,3.36,27.0,0.06,0.545,0.087,0.9965,4.0,61.0,0
10.1,0.97,11.5,3.28,4.0,0.51,0.18,0.104,0.9996,4.0,23.0,0
10.1,0.78,10.9,3.22,17.0,0.58,0.37,0.071,0.99935,4.0,65.0,1
9.4,0.64,8.4,3.31,10.0,0.2,0.715,0.076,0.99735,2.4,38.0,1
9.4,0.77,7.5,3.38,27.0,0.18,0.65,0.088,0.99915,7.0,94.0,1
10.7,0.67,7.9,3.36,27.0,0.06,0.545,0.087,0.9965,4.0,61.0,0
9.4,0.91,6.9,3.69,7.0,0.04,0.54,0.077,0.9987,3.0,27.0,0
10.1,0.97,11.5,3.28,4.0,0.51,0.18,0.104,0.9996,4.0,23.0,0
9.3,0.82,11.4,3.12,6.0,0.44,0.26,0.071,0.9986,3.6,19.0,0
9.1,0.57,7.6,3.36,12.0,0.12,0.52,0.067,0.9971,3.0,53.0,1
9.8,0.71,9.9,3.31,32.0,0.07,0.59,0.102,1.00015,3.4,71.0,1
9.8,0.71,9.9,3.31,32.0,0.07,0.59,0.102,1.00015,3.4,71.0,1
10.3,0.76,12.0,3.1,25.0,0.55,0.45,0.073,0.9997,2.0,49.0,0
10.3,0.7,7.5,3.37,29.0,0.12,0.4,0.092,0.9967,3.0,53.0,0
9.2,0.95,11.6,3.2,33.0,0.53,0.42,0.105,1.001,3.3,98.0,1
10.5,0.71,11.0,3.3,6.0,0.48,0.2,0.343,0.9979,2.0,18.0,1
10.3,0.64,10.4,3.22,18.0,0.23,0.55,0.091,0.9994,2.7,48.0,0
10.1,0.6,6.9,3.41,5.0,0.25,0.36,0.098,0.9964,2.4,16.0,0
9.5,0.81,13.3,3.05,17.0,0.52,0.34,0.094,1.0014,3.2,53.0,0
9.5,0.64,10.8,3.05,5.0,0.46,0.5,0.073,1.0001,2.5,27.0,1
9.9,0.52,10.6,3.16,26.0,0.37,0.83,0.086,0.9981,2.6,70.0,1
9.6,0.73,7.1,3.67,8.0,0.06,0.63,0.083,0.99855,2.0,29.0,1
9.7,0.8,7.2,3.67,5.0,0.02,0.65,0.094,0.9993,2.3,31.0,1
9.6,0.71,6.9,3.68,8.0,0.06,0.67,0.08,0.99845,2.1,33.0,1
10.7,0.59,7.5,3.38,20.0,0.06,0.53,0.086,0.9965,2.6,44.0,0
10.1,0.64,11.1,3.22,7.0,0.48,0.18,0.068,0.9973,1.5,15.0,0
10.0,0.72,8.3,3.51,12.0,0.12,0.705,0.092,0.9994,2.6,28.0,1
9.5,0.54,7.4,3.39,5.0,0.12,0.67,0.186,0.996,1.6,21.0,1
9.2,0.52,8.4,3.2,12.0,0.6,0.65,0.112,0.9973,2.1,90.0,1
9.3,0.59,10.3,3.12,6.0,0.48,0.53,0.063,0.9998,2.5,25.0,0
9.4,0.52,7.6,3.36,7.0,0.32,0.62,0.082,0.9966,2.2,54.0,1
9.5,0.62,10.3,3.19,6.0,0.42,0.41,0.213,0.9994,2.4,14.0,0
9.5,0.63,10.3,3.19,5.0,0.44,0.43,0.214,0.9994,2.4,12.0,0
9.5,0.53,7.4,3.41,9.0,0.38,0.29,0.062,0.9968,1.7,30.0,0
9.3,0.59,10.3,3.12,6.0,0.48,0.53,0.063,0.9998,2.5,25.0,0
9.4,0.54,7.9,3.27,15.0,0.24,0.53,0.072,0.996,2.0,105.0,0
9.5,0.63,9.0,3.32,19.0,0.31,0.46,0.093,0.99815,2.8,98.0,0
9.4,0.53,8.6,3.3,30.0,0.3,0.47,0.076,0.9976,3.0,135.0,1
11.0,0.68,7.4,3.39,26.0,0.29,0.36,0.087,0.99645,2.6,72.0,1
11.0,0.65,7.1,3.42,20.0,0.29,0.35,0.096,0.9962,2.5,53.0,0
10.1,0.65,9.6,3.3,37.0,0.23,0.56,0.102,0.9996,3.4,92.0,1
10.4,0.64,9.6,3.3,30.0,0.12,0.77,0.082,0.99865,2.9,74.0,0
10.4,0.64,9.6,3.3,30.0,0.12,0.77,0.082,0.99865,2.9,74.0,0
9.7,0.62,9.3,3.24,25.0,0.26,0.61,0.09,0.99975,3.4,87.0,1
9.3,0.63,7.8,3.29,6.0,0.05,0.62,0.079,0.99735,2.3,18.0,1
9.5,0.7,10.3,3.28,35.0,0.42,0.59,0.09,0.999,2.8,73.0,0
9.2,0.69,10.0,3.16,13.0,0.2,0.49,0.071,1.0015,11.0,50.0,0
9.2,0.69,10.0,3.16,13.0,0.2,0.49,0.071,1.0015,11.0,50.0,0
11.5,0.83,10.3,3.28,5.0,0.5,0.44,0.107,0.998,4.5,13.0,1
9.7,0.67,13.4,3.16,6.0,0.62,0.27,0.082,1.0002,2.6,21.0,0
9.5,0.62,10.7,3.18,7.0,0.39,0.46,0.061,0.9981,2.0,15.0,1
12.5,0.66,10.2,3.23,10.0,0.64,0.36,0.122,0.998,2.9,41.0,0
12.5,0.66,10.2,3.23,10.0,0.64,0.36,0.122,0.998,2.9,41.0,0
9.4,0.54,8.0,3.22,21.0,0.28,0.58,0.066,0.9973,3.2,114.0,0
11.0,0.52,8.4,3.13,16.0,0.08,0.56,0.105,0.9958,2.1,44.0,1
12.5,0.7,8.9,3.35,6.0,0.45,0.43,0.052,0.9948,1.9,16.0,0
10.3,0.64,7.8,3.31,29.0,0.32,0.43,0.08,0.9974,2.8,58.0,1
11.5,1.0,12.4,3.16,28.0,0.58,0.49,0.103,1.0008,3.0,99.0,0
9.2,1.18,12.2,3.12,10.0,0.5,0.34,0.066,1.0,2.4,21.0,0
11.3,0.87,10.6,3.21,5.0,0.48,0.42,0.065,0.9972,2.7,18.0,0
9.8,0.75,10.9,3.3,6.0,0.47,0.39,0.118,0.9982,1.8,14.0,0
9.8,0.75,10.9,3.3,6.0,0.47,0.39,0.118,0.9982,1.8,14.0,0
10.7,0.78,11.9,3.12,6.0,0.5,0.57,0.082,1.0006,2.6,32.0,0
9.9,0.81,7.0,3.6,40.0,0.0,0.685,0.067,0.9979,1.9,63.0,1
12.0,0.93,13.8,3.02,6.0,0.67,0.49,0.093,0.9986,3.0,15.0,0
10.0,0.92,9.6,3.11,15.0,0.31,0.56,0.089,0.9979,2.8,46.0,0
9.4,0.86,9.1,3.36,11.0,0.0,0.785,0.093,0.9994,2.6,28.0,0
9.9,0.98,10.7,3.28,17.0,0.22,0.67,0.107,1.0004,2.7,34.0,0
9.4,0.83,9.1,3.35,11.0,0.0,0.795,0.096,0.9994,2.6,26.0,0
9.3,0.73,7.7,3.27,8.0,0.0,0.665,0.09,0.9974,2.4,19.0,1
13.0,0.77,13.5,3.18,23.0,0.79,0.53,0.12,1.0018,4.8,77.0,1
11.9,0.59,6.1,3.25,40.5,0.4,0.21,0.066,0.9912,1.4,165.0,0
12.8,0.61,6.7,3.55,17.0,0.01,0.75,0.078,0.9955,2.4,32.0,0
11.0,0.88,11.5,3.26,29.0,0.52,0.41,0.08,1.0001,3.0,55.0,1
9.8,0.68,12.6,3.17,10.0,0.66,0.38,0.088,1.001,2.6,41.0,0
9.4,0.7,8.2,3.19,14.0,0.23,0.7,0.099,0.9973,2.0,81.0,1
9.9,0.91,8.6,3.37,21.0,0.31,0.45,0.086,0.9982,2.6,50.0,0
10.0,0.56,11.9,3.05,6.0,0.66,0.58,0.072,0.9992,2.5,37.0,1
10.2,0.87,12.5,2.99,6.0,0.63,0.46,0.071,0.9988,2.0,15.0,1
11.8,0.93,10.0,3.26,7.0,0.5,0.42,0.107,0.9979,3.4,21.0,0
9.0,0.69,10.4,3.16,11.0,0.61,0.575,0.076,1.0,2.6,24.0,1
9.4,0.64,10.3,3.18,15.0,0.52,0.34,0.159,0.9998,2.8,75.0,1
9.9,0.78,6.9,3.57,35.0,0.02,0.765,0.063,0.9975,2.3,63.0,1
8.7,0.87,7.9,3.32,11.0,0.4,0.24,0.056,0.9967,1.6,25.0,0
10.6,1.04,9.1,3.32,26.0,0.48,0.28,0.067,0.9967,1.8,46.0,0
9.2,0.63,7.4,3.05,12.0,0.22,0.55,0.106,0.9959,2.2,72.0,1
10.8,0.81,14.0,3.01,6.0,0.63,0.41,0.089,1.0014,3.8,47.0,0
11.0,1.11,11.5,3.26,19.0,0.5,0.45,0.078,1.0003,3.0,47.0,0
13.3,0.99,11.4,3.11,6.0,0.66,0.625,0.088,0.9988,6.2,24.0,0
10.8,0.7,8.3,3.31,24.0,0.38,0.42,0.094,0.9979,2.5,60.0,0
9.4,0.8,8.3,3.21,11.0,0.42,0.26,0.08,0.9974,2.0,27.0,0
10.0,0.8,13.7,3.06,17.0,0.68,0.415,0.085,1.0014,2.9,43.0,0
9.4,0.8,8.3,3.21,11.0,0.42,0.26,0.08,0.9974,2.0,27.0,0
9.4,0.8,8.3,3.21,11.0,0.42,0.26,0.08,0.9974,2.0,27.0,0
9.2,0.74,7.7,3.42,23.0,0.28,0.51,0.087,0.998,2.1,54.0,1
9.7,0.76,7.4,3.43,11.0,0.07,0.63,0.09,0.9979,2.4,37.0,0
9.2,0.74,7.8,3.41,23.0,0.26,0.54,0.088,0.9981,2.0,48.0,0
9.6,0.54,8.3,3.31,17.0,0.15,0.66,0.079,0.9972,1.9,42.0,0
9.2,0.74,7.8,3.43,23.0,0.26,0.46,0.088,0.9981,1.9,53.0,0
10.0,0.8,13.7,3.06,17.0,0.68,0.415,0.085,1.0014,2.9,43.0,0
9.5,0.51,9.5,3.18,6.0,0.52,0.37,0.082,0.998,2.0,26.0,1
9.1,0.54,8.4,3.16,13.0,0.61,0.665,0.112,0.997,2.0,95.0,1
9.9,0.57,12.7,3.03,6.0,0.65,0.6,0.063,0.9997,2.3,25.0,1
9.9,0.53,6.6,3.47,68.0,0.02,0.735,0.122,0.9994,7.9,124.0,1
11.0,0.65,11.5,3.18,13.0,0.59,0.59,0.087,0.9988,2.6,49.0,0
11.0,0.65,11.5,3.18,13.0,0.59,0.59,0.087,0.9988,2.6,49.0,0
9.4,0.55,8.7,3.1,9.0,0.22,0.765,0.064,0.9963,2.3,42.0,1
9.9,0.53,6.6,3.47,68.0,0.02,0.735,0.122,0.9994,7.9,124.0,1
10.8,0.47,7.7,3.29,20.0,0.3,0.26,0.059,0.9949,1.7,38.0,0
10.5,0.61,12.2,3.1,19.0,0.54,0.48,0.085,1.0,2.6,64.0,0
10.5,0.63,11.4,3.15,10.0,0.49,0.6,0.085,0.9994,2.7,41.0,0
9.1,0.61,7.7,3.26,15.0,0.05,0.69,0.075,0.9974,2.7,27.0,1
10.1,0.76,8.7,3.36,11.0,0.46,0.31,0.059,0.9966,1.4,25.0,0
10.8,0.65,9.8,3.24,9.0,0.47,0.44,0.063,0.9981,2.5,28.0,0
11.3,0.7,10.4,3.19,6.0,0.58,0.34,0.174,0.997,3.7,16.0,0
9.5,0.62,9.0,3.38,26.0,0.34,0.43,0.08,0.9987,2.5,86.0,0
9.5,0.62,9.1,3.38,23.0,0.35,0.45,0.08,0.9987,2.4,78.0,1
9.3,0.64,7.1,3.27,15.0,0.16,0.735,0.1,0.9966,1.9,77.0,1
9.5,0.61,8.8,3.26,24.0,0.34,0.52,0.087,0.9982,2.7,122.0,1
9.3,1.07,8.6,3.32,31.0,0.24,0.725,0.117,1.0014,6.6,134.0,1
11.7,0.66,10.6,3.26,6.0,0.64,0.48,0.111,0.997,2.2,20.0,0
10.5,0.48,7.0,3.44,34.0,0.12,0.58,0.091,0.9956,1.9,124.0,1
10.4,0.76,11.9,3.24,7.0,0.51,0.38,0.121,0.9996,2.0,20.0,0
9.9,0.68,6.8,3.62,34.0,0.0,0.77,0.066,0.9976,1.8,52.0,1
10.9,0.44,7.7,3.36,15.0,0.2,0.96,0.047,0.9955,2.0,60.0,1
10.9,0.44,7.7,3.36,15.0,0.2,0.96,0.047,0.9955,2.0,60.0,1
11.4,0.49,6.4,3.49,19.0,0.08,0.67,0.045,0.9949,2.1,48.0,0
10.6,0.56,9.5,3.26,6.0,0.22,0.78,0.077,0.9988,1.9,32.0,0
9.3,0.6,9.1,3.24,9.0,0.33,0.52,0.07,0.9978,1.3,30.0,1
10.4,0.6,12.8,3.1,13.0,0.63,0.84,0.088,0.9997,2.4,35.0,0
9.2,0.56,7.8,3.25,21.0,0.35,0.55,0.074,0.9974,2.2,66.0,1
12.8,0.65,11.9,3.0,12.0,0.69,0.37,0.078,0.9958,2.3,24.0,0
9.5,0.49,12.3,3.16,6.0,0.63,0.39,0.091,1.0004,2.3,18.0,1
9.9,0.89,10.4,3.15,22.0,0.55,0.41,0.076,0.9996,3.2,54.0,0
9.5,0.49,12.3,3.16,6.0,0.63,0.39,0.091,1.0004,2.3,18.0,1
10.2,0.56,8.0,3.26,38.0,0.3,0.67,0.06,0.9958,2.0,62.0,0
11.2,0.66,11.1,3.17,6.0,0.73,0.45,0.066,0.9986,3.2,22.0,0
9.9,0.89,10.4,3.15,22.0,0.55,0.41,0.076,0.9996,3.2,54.0,0
9.3,0.6,7.0,3.08,7.0,0.18,0.62,0.062,0.9951,1.5,50.0,1
11.3,0.68,11.9,3.06,7.0,0.65,0.4,0.068,0.9988,2.15,27.0,0
10.1,0.56,9.5,3.23,6.0,0.1,0.735,0.079,0.9986,2.1,31.0,0
10.5,0.73,12.5,3.1,31.0,0.6,0.38,0.081,0.9996,2.6,72.0,1
11.2,0.72,9.3,3.22,6.0,0.29,0.48,0.127,0.9968,2.1,16.0,1
10.2,0.56,8.6,3.2,7.0,0.22,0.53,0.1,0.9967,2.0,27.0,0
10.8,0.61,11.9,3.1,17.0,0.69,0.39,0.095,0.9994,2.8,35.0,0
10.8,0.61,11.9,3.1,17.0,0.69,0.39,0.095,0.9994,2.8,35.0,0
9.1,1.06,8.4,3.06,9.0,0.53,0.37,0.413,0.9979,1.8,26.0,0
10.0,0.63,6.8,3.44,18.0,0.03,0.56,0.084,0.9968,1.7,35.0,0
11.1,0.63,7.0,3.5,21.0,0.4,0.23,0.063,0.9952,1.6,67.0,1
10.3,0.58,8.9,3.37,5.0,0.39,0.59,0.095,0.9986,2.3,22.0,1
9.6,0.58,9.2,3.28,29.0,0.21,0.63,0.097,0.9988,2.7,65.0,1
11.3,0.61,9.2,3.35,14.0,0.52,0.43,0.083,0.9976,2.3,23.0,0
9.3,0.61,8.3,3.26,6.0,0.22,0.615,0.087,0.9982,2.6,19.0,1
11.8,0.61,11.0,3.18,10.0,0.68,0.26,0.085,0.997,2.55,25.0,1
9.0,0.53,8.1,3.08,25.0,0.7,0.66,0.098,0.9972,2.2,129.0,1
9.2,0.7,11.5,2.98,5.0,0.54,0.315,0.084,0.9987,2.1,15.0,0
9.7,0.91,10.0,3.48,10.0,0.4,0.29,0.098,1.0006,2.9,26.0,1
11.5,0.72,10.3,3.16,21.0,0.42,0.5,0.069,0.9982,2.0,51.0,0
14.0,0.79,8.8,3.32,7.0,0.45,0.46,0.065,0.9947,2.6,18.0,0
9.2,0.62,11.4,3.17,6.0,0.69,0.36,0.09,1.0,2.1,21.0,0
9.8,0.58,8.7,3.2,36.0,0.02,0.82,0.07,0.9952,1.2,48.0,1
10.6,0.61,13.0,3.05,15.0,0.65,0.32,0.093,0.9996,2.6,47.0,1
11.4,0.71,9.6,3.2,25.0,0.42,0.54,0.081,0.997,2.4,52.0,0
10.4,0.82,12.5,3.15,25.0,0.55,0.37,0.083,0.9995,2.6,68.0,0
10.6,0.79,9.9,3.26,5.0,0.55,0.35,0.062,0.9971,2.1,14.0,1
9.4,0.89,10.5,3.2,10.0,0.51,0.28,0.08,0.9982,1.7,24.0,0
10.2,0.6,9.6,3.14,5.0,0.24,0.68,0.087,0.9988,2.2,28.0,1
9.7,0.7,9.3,3.28,6.0,0.41,0.27,0.091,0.998,2.0,16.0,1
11.0,1.06,10.4,3.18,6.0,0.49,0.24,0.075,0.9977,1.8,20.0,0
10.2,0.6,9.6,3.14,5.0,0.24,0.68,0.087,0.9988,2.2,28.0,1
10.1,0.7,9.4,3.19,6.0,0.11,0.685,0.077,0.9984,2.7,31.0,0
9.2,0.66,10.6,3.12,6.0,0.39,0.28,0.069,1.0026,15.5,23.0,1
9.4,1.05,10.6,3.04,6.0,0.59,0.36,0.152,0.9986,2.2,18.0,1
9.4,1.06,10.6,3.04,7.0,0.6,0.36,0.152,0.9986,2.2,18.0,1
13.4,0.66,10.6,3.06,6.0,0.68,0.44,0.114,0.997,4.1,24.0,0
10.0,0.47,10.2,3.17,6.0,0.39,0.67,0.054,0.9976,1.9,17.0,1
10.0,0.47,10.2,3.17,6.0,0.39,0.67,0.054,0.9976,1.9,17.0,1
10.0,0.42,10.2,3.17,5.0,0.36,0.645,0.053,0.9982,1.8,14.0,0
10.2,0.75,9.3,3.34,10.0,0.4,0.39,0.073,0.9984,2.6,26.0,0
10.6,0.67,9.3,3.31,24.0,0.27,0.775,0.078,0.9984,2.8,56.0,0
11.6,0.74,8.7,3.48,23.0,0.31,0.69,0.086,1.0002,3.0,81.0,0
12.1,0.55,6.5,3.44,28.0,0.23,0.39,0.051,0.9952,8.3,91.0,0
9.0,0.65,7.8,3.43,14.0,0.25,0.52,0.081,0.9984,1.9,38.0,0
11.1,0.79,7.2,3.32,43.0,0.32,0.34,0.09,0.9966,2.5,113.0,1
11.6,0.74,8.7,3.48,23.0,0.31,0.69,0.086,1.0002,3.0,81.0,0
9.0,0.65,7.8,3.43,14.0,0.25,0.52,0.081,0.9984,1.9,38.0,0
9.5,0.71,11.2,3.17,6.0,0.55,0.67,0.084,1.0,2.3,13.0,0
10.2,0.63,10.0,3.18,26.0,0.31,0.59,0.09,0.9994,2.2,62.0,0
9.5,0.61,12.4,3.02,19.0,0.49,0.42,0.073,0.9978,4.6,43.0,1
10.2,0.63,10.0,3.18,26.0,0.31,0.59,0.09,0.9994,2.2,62.0,0
9.7,0.81,10.7,3.03,15.0,0.48,0.4,0.125,0.998,2.1,49.0,0
9.3,1.14,8.5,3.31,34.0,0.49,0.655,0.122,1.001,6.1,151.0,1
11.9,0.74,12.5,3.25,5.0,0.49,0.6,0.1,1.001,4.3,14.0,0
11.7,0.68,10.9,3.22,11.0,0.49,0.21,0.088,0.9972,2.8,32.0,0
11.0,0.78,7.3,3.36,39.0,0.49,0.365,0.088,0.9966,2.5,106.0,1
10.0,0.9,9.8,3.42,15.0,0.49,0.25,0.088,0.9982,2.7,33.0,0
9.1,0.64,7.6,3.48,16.0,0.49,0.41,0.088,0.998,2.0,43.0,1
9.8,0.99,8.2,3.38,47.0,0.49,0.39,0.099,0.9979,2.3,133.0,1
9.4,0.55,9.3,3.22,38.0,0.49,0.4,0.085,0.9978,2.5,142.0,1
9.5,0.64,9.2,3.23,23.0,0.49,0.43,0.086,0.9976,2.4,116.0,1
9.9,0.67,10.4,3.24,29.0,0.24,0.64,0.105,0.9998,2.8,53.0,1
11.0,0.78,7.3,3.36,39.0,0.49,0.365,0.088,0.9966,2.5,106.0,1
11.4,0.77,7.0,3.39,33.0,0.49,0.38,0.097,0.9962,2.5,85.0,0
8.7,0.75,8.2,3.34,32.0,0.49,0.42,0.084,0.9988,2.6,55.0,0
9.4,0.57,9.9,3.09,6.0,0.24,0.63,0.077,0.9974,2.4,33.0,1
10.3,0.87,9.1,3.41,1.0,0.24,0.22,0.078,0.999,2.1,28.0,0
10.3,0.61,11.9,3.16,12.0,0.49,0.38,0.098,1.0004,2.7,42.0,1
10.3,0.61,11.9,3.16,12.0,0.49,0.38,0.098,1.0004,2.7,42.0,1
12.8,0.66,10.3,3.22,15.0,0.24,0.27,0.072,0.9956,2.1,33.0,0
10.0,0.56,10.0,3.28,13.0,0.24,0.48,0.102,1.0,2.7,32.0,0
10.3,0.87,9.1,3.41,1.0,0.24,0.22,0.078,0.999,2.1,28.0,0
9.4,0.57,9.9,3.09,6.0,0.24,0.63,0.077,0.9974,2.4,33.0,1
10.7,0.77,8.1,3.37,5.0,0.24,0.825,0.084,0.9972,2.1,13.0,0
11.2,0.62,11.2,3.22,5.0,0.74,0.5,0.1,0.9996,5.15,17.0,1
9.6,0.67,9.2,3.26,20.0,0.24,0.59,0.101,0.9988,3.3,47.0,1
11.0,0.73,9.5,3.21,5.0,0.49,0.46,0.064,0.9988,6.3,17.0,0
9.9,0.59,9.3,3.12,5.0,0.24,0.715,0.07,0.9966,2.1,20.0,1
11.0,0.72,11.2,3.06,16.0,0.24,0.66,0.085,0.9993,2.5,53.0,0
8.4,0.79,14.3,2.86,6.0,0.74,0.31,0.075,1.0008,1.8,15.0,0
9.1,0.59,9.1,3.08,38.0,0.49,0.47,0.094,0.9982,2.6,106.0,1
9.5,0.78,7.5,3.45,10.0,0.24,0.55,0.078,0.9983,2.0,28.0,0
10.7,0.86,10.6,3.26,6.0,0.49,0.31,0.067,0.9987,2.5,21.0,0
10.4,0.75,12.4,3.12,27.0,0.49,0.35,0.079,0.9994,2.6,69.0,0
9.4,0.61,9.0,3.27,6.0,0.49,0.53,0.171,0.9975,1.9,25.0,0
9.5,0.56,6.8,3.33,9.0,0.01,0.51,0.074,0.9958,2.1,25.0,0
10.0,0.73,9.4,3.19,14.0,0.24,0.43,0.092,0.998,2.8,45.0,0
10.0,0.74,9.5,3.12,14.0,0.24,0.46,0.092,0.998,2.7,44.0,0
11.5,0.62,5.0,3.74,32.0,0.24,1.04,0.05,0.9934,1.6,96.0,1
11.1,0.74,15.5,2.92,10.0,0.49,0.645,0.095,1.00315,4.2,23.0,1
11.1,0.74,15.5,2.92,10.0,0.49,0.645,0.095,1.00315,4.2,23.0,1
11.7,0.56,10.9,3.07,10.0,0.49,0.53,0.118,1.0002,4.6,17.0,0
11.1,0.74,15.6,2.92,10.0,0.49,0.645,0.095,1.00315,4.2,23.0,1
11.7,0.56,10.9,3.07,10.0,0.49,0.53,0.118,1.0002,4.6,17.0,0
12.7,0.68,13.0,3.3,6.0,0.49,0.47,0.085,1.0021,4.3,47.0,0
11.4,0.57,12.7,3.14,5.0,0.49,0.6,0.075,0.9994,2.8,19.0,1
9.2,0.58,9.0,3.23,26.0,0.49,0.44,0.078,0.9978,2.4,121.0,1
9.2,0.61,9.0,3.08,41.0,0.49,0.54,0.094,0.9982,2.9,110.0,1
10.1,0.61,7.6,3.31,25.0,0.49,0.29,0.092,0.9971,2.7,60.0,0
12.7,0.68,13.0,3.3,6.0,0.49,0.47,0.085,1.0021,4.3,47.0,0
11.4,0.57,12.7,3.14,5.0,0.49,0.6,0.075,0.9994,2.8,19.0,1
9.0,0.6,8.7,3.32,5.0,0.24,0.7,0.226,0.9991,2.5,15.0,0
9.0,0.6,8.7,3.32,5.0,0.24,0.7,0.226,0.9991,2.5,15.0,0
10.7,0.79,9.8,3.31,5.0,0.49,0.5,0.25,0.999,2.6,20.0,0
11.7,0.57,6.2,3.57,19.0,0.24,0.36,0.095,0.9946,2.2,42.0,0
11.0,0.91,11.5,3.32,10.0,0.49,0.35,0.07,1.0003,3.3,37.0,0
11.7,0.57,6.2,3.57,19.0,0.24,0.36,0.095,0.9946,2.2,42.0,0
10.4,0.61,10.2,3.14,10.0,0.49,0.24,0.075,0.9978,2.4,28.0,1
10.0,0.7,10.6,3.19,20.0,0.49,0.34,0.078,0.9992,3.2,78.0,0
10.2,0.8,12.3,3.2,28.0,0.49,0.27,0.079,0.9993,3.1,46.0,0
9.5,0.6,8.8,3.3,18.0,0.49,0.44,0.083,0.9982,2.8,111.0,1
9.8,0.6,8.8,3.29,17.0,0.49,0.47,0.085,0.9982,2.9,110.0,1
9.8,0.51,10.6,3.14,18.0,0.49,0.31,0.063,0.9976,2.2,40.0,0
9.6,0.44,12.3,3.19,5.0,0.49,0.5,0.089,1.0002,2.2,14.0,1
9.6,0.44,12.3,3.19,5.0,0.49,0.5,0.089,1.0002,2.2,14.0,1
9.2,0.43,11.7,3.19,5.0,0.49,0.49,0.083,1.0,2.2,15.0,1
9.6,0.66,7.6,3.47,8.0,0.24,0.51,0.091,0.998,2.4,38.0,0
9.3,0.59,7.3,3.26,18.0,0.24,0.73,0.108,0.9967,1.9,102.0,1
9.7,0.57,9.0,3.35,21.0,0.49,0.45,0.084,0.9987,2.6,75.0,1
11.5,0.5,6.6,3.12,23.0,0.49,0.39,0.07,0.9922,1.7,149.0,0
9.7,0.57,9.0,3.35,21.0,0.49,0.45,0.084,0.9987,2.6,75.0,1
9.0,0.58,9.9,3.29,9.0,0.58,0.49,0.094,1.0004,3.5,43.0,1
9.5,0.53,7.9,3.4,20.0,0.17,0.72,0.096,0.9978,2.6,38.0,1
9.3,0.57,8.9,3.27,30.0,0.41,0.595,0.086,0.9998,7.9,109.0,1
9.3,0.6,12.4,3.04,6.0,0.51,0.4,0.059,0.9994,2.0,24.0,0
10.0,0.63,11.9,3.09,5.0,0.58,0.58,0.071,0.998,1.9,18.0,0
9.8,0.48,8.5,3.2,5.0,0.18,0.585,0.078,0.9967,2.1,30.0,0
9.3,0.7,12.7,3.0,11.0,0.45,0.59,0.082,1.0,2.3,22.0,0
9.0,0.56,13.2,3.1,12.0,0.52,0.46,0.071,1.0006,2.2,35.0,0
9.3,0.52,7.7,3.3,6.0,0.0,0.835,0.081,0.9975,2.6,14.0,1
9.0,0.56,13.2,3.1,12.0,0.52,0.46,0.071,1.0006,2.2,35.0,0
9.1,0.62,8.3,3.17,14.0,0.13,0.58,0.096,0.9984,2.9,63.0,0
9.2,0.59,8.3,3.31,6.0,0.13,0.6,0.085,0.9984,2.6,24.0,0
10.5,0.53,8.8,3.31,26.0,0.41,0.48,0.092,0.9982,3.3,52.0,0
10.4,0.64,10.1,3.32,11.0,0.37,0.65,0.11,1.0026,5.1,65.0,0
12.7,0.52,6.3,3.56,15.0,0.19,0.36,0.075,0.9956,3.2,39.0,0
9.2,0.54,8.8,3.39,25.0,0.54,0.24,0.083,0.9983,2.5,57.0,1
9.4,0.54,13.2,2.98,5.0,0.55,0.38,0.081,1.0006,2.7,16.0,1
10.0,0.6,7.5,3.32,18.0,0.0,0.64,0.077,0.9965,2.4,29.0,0
9.8,0.74,8.2,3.26,10.0,0.38,0.39,0.058,0.9962,1.5,29.0,1
10.2,1.36,9.2,2.87,10.0,0.18,0.755,0.148,0.9969,2.2,103.0,0
9.7,0.57,9.6,3.5,28.0,0.5,0.6,0.079,0.9997,2.3,71.0,1
9.7,0.57,9.6,3.5,28.0,0.5,0.6,0.079,0.9997,2.3,71.0,1
9.8,0.93,11.5,3.03,14.0,0.51,0.31,0.079,0.9982,2.2,28.0,0
10.2,0.7,11.4,3.13,4.0,0.5,0.46,0.122,1.0006,2.7,17.0,1
9.3,0.8,11.3,3.09,6.0,0.41,0.37,0.088,0.9988,2.3,16.0,1
9.4,0.61,8.3,3.27,16.0,0.24,0.54,0.076,0.9976,3.4,112.0,1
9.4,0.62,8.2,3.28,14.0,0.23,0.56,0.078,0.9976,3.4,104.0,1
9.5,0.55,10.0,3.13,9.0,0.22,0.58,0.08,0.9974,1.9,32.0,1
12.1,0.96,7.9,3.49,21.0,0.25,0.51,0.077,0.9974,2.9,45.0,0
10.2,0.72,6.8,3.46,21.0,0.0,0.69,0.124,0.9997,5.6,58.0,1
10.2,0.72,6.8,3.46,21.0,0.0,0.69,0.124,0.9997,5.6,58.0,1
9.1,0.49,8.8,3.36,5.0,0.29,0.6,0.098,0.9988,2.2,15.0,1
9.1,0.49,8.8,3.36,5.0,0.29,0.6,0.098,0.9988,2.2,15.0,1
9.3,0.6,8.7,3.27,7.0,0.26,0.54,0.097,0.9976,2.5,31.0,0
9.3,0.61,7.6,3.21,20.0,0.23,0.685,0.111,0.9964,2.3,84.0,1
9.3,0.6,8.7,3.27,7.0,0.26,0.54,0.097,0.9976,2.5,31.0,0
9.5,0.63,10.4,3.25,5.0,0.54,0.28,0.105,0.9988,2.7,19.0,1
10.5,0.57,7.6,3.32,21.0,0.14,0.41,0.087,0.9964,3.0,43.0,0
9.5,0.58,7.9,3.27,46.0,0.21,0.35,0.073,0.9964,1.9,102.0,1
9.7,0.55,8.7,3.27,24.0,0.0,0.84,0.065,0.9954,1.4,33.0,1
9.4,0.53,9.6,3.24,30.0,0.28,0.88,0.086,0.9979,2.4,147.0,1
9.4,0.53,9.5,3.24,31.0,0.27,0.885,0.084,0.9978,2.3,145.0,1
10.3,1.36,8.9,3.18,25.0,0.35,0.29,0.067,0.997,1.9,57.0,0
9.4,0.62,9.9,3.39,16.0,0.45,0.54,0.071,0.9991,2.3,40.0,1
9.5,0.63,9.5,3.46,21.0,0.44,0.59,0.071,0.9992,2.3,68.0,1
9.4,0.62,9.9,3.39,16.0,0.45,0.54,0.071,0.9991,2.3,40.0,1
9.5,0.63,9.5,3.46,21.0,0.44,0.59,0.071,0.9992,2.3,68.0,1
9.4,0.62,9.9,3.39,16.0,0.45,0.54,0.071,0.9991,2.3,40.0,1
10.1,0.63,7.3,3.4,6.0,0.05,0.67,0.107,0.9972,3.6,20.0,1
11.3,0.57,6.7,3.16,24.0,0.27,0.42,0.068,0.9948,8.6,148.0,0
9.6,0.5,10.7,2.89,8.0,0.39,0.43,0.106,0.9986,2.2,32.0,1
11.2,0.67,9.8,3.41,35.0,0.25,0.88,0.104,1.001,2.5,155.0,1
14.9,0.84,15.9,2.98,22.0,0.65,0.36,0.096,0.9976,7.5,71.0,1
12.0,0.54,9.4,3.12,9.0,0.59,0.33,0.079,0.9976,2.8,30.0,0
9.5,0.46,8.6,3.08,7.0,0.47,0.47,0.074,0.9979,2.4,29.0,1
9.4,0.61,9.7,3.14,20.0,0.17,0.55,0.087,1.0004,2.9,53.0,1
9.6,0.5,10.7,2.89,8.0,0.39,0.43,0.106,0.9986,2.2,32.0,1
9.6,0.81,7.2,3.32,5.0,0.07,0.52,0.074,0.9973,1.4,20.0,0
9.6,0.81,7.2,3.32,5.0,0.07,0.52,0.074,0.9973,1.4,20.0,0
9.0,0.64,7.5,3.31,15.0,0.31,0.42,0.08,0.9978,1.6,42.0,1
9.6,0.7,7.2,3.36,9.0,0.06,0.57,0.076,0.9972,1.6,27.0,0
10.2,0.79,10.1,3.04,5.0,0.46,0.28,0.05,0.9974,1.8,13.0,0
10.2,0.66,12.1,3.03,15.0,0.52,0.4,0.092,1.0,2.0,54.0,1
9.7,0.56,9.4,3.14,25.0,0.14,0.59,0.084,0.9981,2.0,48.0,1
9.5,0.6,8.3,3.18,6.0,0.36,0.49,0.222,0.998,1.8,16.0,0
9.2,0.66,11.3,2.94,6.0,0.45,0.34,0.082,0.9988,2.0,15.0,0
11.0,0.57,10.0,3.15,15.0,0.43,0.73,0.059,0.9966,2.3,31.0,1
9.2,0.66,11.3,2.94,6.0,0.45,0.34,0.082,0.9988,2.0,15.0,0
10.0,0.58,6.9,3.26,30.0,0.24,0.4,0.083,0.9959,2.5,45.0,1
9.5,0.52,8.2,3.2,5.0,0.21,0.73,0.074,0.9968,1.7,13.0,1
9.5,0.53,9.8,3.15,32.0,0.34,1.24,0.079,0.998,2.0,151.0,1
9.5,0.52,8.2,3.2,5.0,0.21,0.73,0.074,0.9968,1.7,13.0,1
9.3,0.67,10.8,3.08,7.0,0.41,0.4,0.084,0.9984,2.2,17.0,0
10.2,0.65,9.3,3.26,12.0,0.39,0.41,0.064,0.9984,2.2,31.0,1
9.3,0.67,10.8,3.08,7.0,0.41,0.4,0.084,0.9984,2.2,17.0,0
9.9,0.48,8.6,3.4,12.0,0.11,0.8,0.084,0.9979,2.3,31.0,1
10.0,0.53,8.3,3.48,45.0,0.1,0.78,0.081,0.9983,2.6,87.0,1
9.6,0.54,10.8,3.13,20.0,0.45,0.26,0.06,0.9972,3.3,49.0,1
9.0,0.49,13.3,3.06,15.0,0.58,0.43,0.07,1.0004,1.9,40.0,1
10.2,0.49,8.0,3.21,16.0,0.23,0.45,0.094,0.9962,2.2,29.0,0
9.8,0.54,8.5,3.33,32.0,0.31,0.46,0.078,0.998,2.25,58.0,1
11.3,0.56,8.1,3.37,5.0,0.23,0.78,0.059,0.997,2.6,15.0,1
9.4,0.48,9.8,3.25,35.0,0.32,0.98,0.078,0.998,2.3,152.0,1
11.3,0.56,8.1,3.37,5.0,0.23,0.78,0.059,0.997,2.6,15.0,1
9.1,0.6,7.1,3.44,13.0,0.18,0.65,0.07,0.997,1.8,40.0,1
9.7,0.59,9.1,3.28,13.0,0.23,0.64,0.095,0.9998,3.1,38.0,1
9.4,0.47,7.7,3.4,4.0,0.04,0.66,0.039,0.9962,1.6,9.0,1
9.4,1.05,8.1,3.3,5.0,0.48,0.38,0.157,0.9976,1.8,17.0,1
9.8,0.54,9.2,3.48,12.0,0.24,0.92,0.087,0.9998,2.6,93.0,1
9.0,1.17,8.6,3.03,16.0,0.51,0.49,0.422,0.9979,2.0,62.0,1
9.4,0.62,9.0,3.32,21.0,0.32,0.48,0.084,0.9984,2.8,122.0,1
9.4,0.61,9.0,3.31,24.0,0.31,0.47,0.084,0.9984,2.7,125.0,1
12.8,0.62,5.1,3.9,18.0,0.02,0.47,0.034,0.9921,1.3,44.0,0
9.5,0.67,7.0,3.47,8.0,0.02,0.65,0.066,0.9972,2.1,25.0,0
9.5,0.67,7.0,3.47,8.0,0.02,0.65,0.066,0.9972,2.1,25.0,0
9.7,0.53,9.4,3.31,18.0,0.28,0.615,0.087,1.0001,3.2,72.0,1
10.8,0.62,11.8,3.11,5.0,0.55,0.38,0.071,0.9986,2.1,19.0,0
10.1,0.57,10.6,3.08,26.0,0.43,1.02,0.076,0.9984,2.9,88.0,0
9.5,0.67,7.0,3.47,8.0,0.02,0.65,0.066,0.9972,2.1,25.0,0
9.4,0.67,7.0,3.47,9.0,0.02,0.64,0.067,0.997,2.1,23.0,0
9.9,0.49,8.4,3.37,11.0,0.15,1.035,0.073,0.999,6.0,54.0,1
10.0,0.47,7.0,3.4,10.0,0.08,0.78,0.093,0.9956,2.0,19.0,1
10.5,0.51,7.4,3.37,16.0,0.19,0.49,0.077,0.9966,3.0,37.0,1
11.6,0.61,7.8,3.34,11.0,0.12,0.545,0.068,0.996,2.5,35.0,0
10.0,0.66,9.7,3.27,13.0,0.47,0.31,0.062,0.9983,1.6,33.0,0
10.1,0.57,10.6,3.06,21.0,0.43,1.025,0.08,0.9985,2.8,84.0,1
9.5,0.61,8.9,3.38,16.0,0.34,0.565,0.093,0.9998,3.0,112.0,1
9.4,0.45,8.7,3.36,13.0,0.0,0.69,0.084,0.9992,3.2,33.0,1
9.4,0.46,8.0,3.34,10.0,0.36,0.43,0.075,0.9976,2.3,48.0,1
9.8,0.51,9.9,3.28,21.0,0.28,0.74,0.078,0.998,2.6,77.0,1
9.2,0.48,7.2,3.29,13.0,0.18,0.49,0.069,0.9967,2.7,34.0,0
9.4,0.46,8.0,3.34,10.0,0.36,0.43,0.075,0.9976,2.3,48.0,1
10.0,0.57,7.6,3.21,12.0,0.11,0.46,0.079,0.9968,2.6,49.0,1
9.6,0.44,8.4,3.22,10.0,0.04,0.56,0.082,0.9976,2.0,22.0,1
9.5,0.54,7.1,3.46,17.0,0.0,0.66,0.086,0.9976,3.9,45.0,1
9.6,0.44,8.4,3.22,10.0,0.04,0.56,0.082,0.9976,2.0,22.0,1
9.2,0.53,8.9,3.1,35.0,0.24,0.48,0.094,0.9982,2.85,106.0,1
10.0,0.59,7.6,3.21,15.0,0.08,0.42,0.084,0.9968,2.7,48.0,1
9.5,1.62,7.1,2.94,36.0,0.3,0.31,0.053,0.9965,2.2,127.0,1
10.4,0.55,9.0,3.29,5.0,0.17,0.66,0.077,0.9976,3.0,13.0,1
11.1,0.72,8.1,3.43,18.0,0.09,0.72,0.084,0.9994,2.8,49.0,0
9.5,0.68,6.4,3.46,4.0,0.02,0.57,0.067,0.997,1.8,11.0,1
9.5,0.68,6.4,3.46,4.0,0.02,0.57,0.067,0.997,1.8,11.0,1
12.7,0.49,6.4,3.61,27.0,0.03,0.865,0.071,0.995,3.2,58.0,0
9.6,0.67,9.5,3.17,12.0,0.66,0.55,0.387,0.9982,2.3,37.0,1
11.5,0.52,8.9,3.44,4.0,0.13,0.875,0.088,0.9994,3.45,14.0,1
9.6,0.47,7.3,3.39,10.0,0.03,0.835,0.092,0.9966,2.1,19.0,1
9.5,0.6,7.0,3.55,16.0,0.34,0.45,0.082,0.998,2.7,72.0,1
9.3,0.62,7.7,3.48,9.0,0.2,0.56,0.075,0.9987,2.0,39.0,1
9.5,0.5,7.7,3.26,11.0,0.1,0.965,0.112,0.9963,2.1,22.0,1
9.5,0.5,7.7,3.26,11.0,0.1,0.965,0.112,0.9963,2.1,22.0,1
9.3,0.65,8.2,3.5,19.0,0.0,0.59,0.093,1.0002,2.5,58.0,0
9.2,0.56,9.0,3.1,28.0,0.23,0.46,0.092,0.9983,2.8,104.0,1
9.3,0.6,9.0,3.35,19.0,0.0,0.69,0.088,0.999,2.4,38.0,1
11.5,0.68,8.3,3.45,12.0,0.29,0.76,0.075,0.9965,4.2,16.0,0
9.5,0.57,9.2,3.21,28.0,0.24,0.53,0.078,0.99788,2.6,139.0,1
9.2,0.65,6.5,3.46,9.0,0.0,0.615,0.065,0.9972,1.9,18.0,1
10.0,0.53,11.6,3.13,25.0,0.58,0.41,0.096,1.00024,2.8,101.0,1
9.5,0.51,11.1,3.13,21.0,0.54,0.39,0.095,1.0001,2.7,101.0,1
9.5,0.73,7.3,3.52,12.0,0.18,0.51,0.07,0.99768,2.1,28.0,0
9.0,0.47,8.2,3.3,12.0,0.38,0.34,0.08,0.9978,2.5,57.0,0
9.4,0.48,8.6,3.3,16.0,0.4,0.33,0.083,0.99782,2.6,68.0,1
9.6,0.72,7.2,3.52,12.0,0.18,0.5,0.071,0.99761,2.1,31.0,0
9.5,0.73,7.3,3.52,12.0,0.18,0.51,0.07,0.99768,2.1,28.0,0
9.5,0.55,8.3,3.29,17.0,0.1,0.65,0.089,0.99803,2.9,40.0,1
9.5,0.55,8.3,3.29,17.0,0.1,0.65,0.089,0.99803,2.9,40.0,1
9.4,0.61,7.6,3.39,24.0,0.13,0.54,0.097,0.99785,2.5,66.0,1
9.5,0.55,8.3,3.29,17.0,0.1,0.65,0.089,0.99803,2.9,40.0,1
9.1,1.06,7.8,3.09,14.0,0.68,0.48,0.415,0.99656,1.7,32.0,0
10.7,0.43,7.8,3.51,22.0,0.07,0.91,0.058,0.99525,1.9,47.0,0
11.2,0.46,6.3,3.6,15.0,0.01,0.98,0.057,0.99488,2.0,33.0,0
9.8,0.5,8.1,3.25,10.0,0.0,0.87,0.084,0.99656,2.2,31.0,1
9.8,0.5,8.1,3.25,10.0,0.0,0.87,0.084,0.99656,2.2,31.0,1
9.2,0.52,8.8,3.19,33.0,0.21,0.42,0.092,0.99823,2.5,88.0,1
9.7,0.57,9.0,3.23,9.0,0.25,0.58,0.075,0.99779,2.8,104.0,1
9.6,0.42,9.3,3.25,5.0,0.26,0.655,0.096,0.99738,2.0,35.0,1
10.0,0.53,8.8,3.31,8.0,0.0,0.7,0.069,0.99701,1.7,19.0,0
9.6,0.42,9.3,3.25,5.0,0.26,0.655,0.096,0.99738,2.0,35.0,1
9.5,0.55,9.1,3.31,11.0,0.11,0.68,0.093,0.99888,2.8,44.0,0
9.5,0.54,9.2,3.31,12.0,0.1,0.67,0.091,0.99888,3.0,48.0,0
9.4,0.54,8.8,3.14,12.0,0.18,0.59,0.089,0.99738,2.9,74.0,1
9.5,0.62,7.5,3.45,13.0,0.32,0.6,0.103,0.99938,2.7,98.0,1
9.7,0.53,7.1,3.55,24.0,0.02,0.59,0.082,0.99744,2.3,94.0,0
9.6,0.54,7.9,3.39,7.0,0.01,0.72,0.076,0.99668,1.9,32.0,1
9.7,0.53,7.1,3.55,24.0,0.02,0.59,0.082,0.99744,2.3,94.0,0
9.4,0.55,9.4,3.28,23.0,0.26,0.685,0.082,0.9978,2.4,143.0,1
9.4,0.55,9.5,3.27,23.0,0.27,0.57,0.082,0.99782,2.3,144.0,1
9.5,0.92,7.9,3.3,1.0,0.29,0.4,0.157,0.9973,1.8,44.0,0
9.5,0.91,7.9,3.31,2.0,0.3,0.4,0.157,0.99727,1.8,45.0,0
10.0,0.46,7.2,3.43,7.0,0.0,1.0,0.102,0.99586,3.0,16.0,1
10.3,0.6,6.9,3.4,5.5,0.18,0.765,0.243,0.99612,2.4,48.0,0
10.3,0.59,6.9,3.4,6.0,0.17,0.635,0.241,0.9961,2.4,18.0,0
10.5,0.61,8.3,3.36,7.0,0.3,0.43,0.079,0.99788,3.4,34.0,1
9.8,0.6,7.1,3.5,21.0,0.03,0.52,0.076,0.99745,2.6,92.0,1
9.4,0.6,7.0,3.31,12.0,0.0,0.57,0.19,0.99676,2.0,45.0,0
9.8,0.65,6.5,3.66,9.0,0.14,0.46,0.114,0.99732,2.4,37.0,1
10.0,0.53,9.0,3.36,26.0,0.05,0.82,0.081,0.99814,2.4,96.0,1
9.8,0.65,6.5,3.66,9.0,0.14,0.46,0.114,0.99732,2.4,37.0,1
9.8,0.59,7.1,3.55,20.0,0.01,0.59,0.077,0.99746,2.5,85.0,1
9.5,0.5,9.9,3.21,11.0,0.41,0.35,0.083,0.9982,2.3,61.0,1
9.5,0.5,9.9,3.21,11.0,0.41,0.35,0.083,0.9982,2.3,61.0,1
10.1,0.56,10.0,3.18,19.0,0.24,0.56,0.079,0.9991,2.2,58.0,0
10.1,0.56,10.0,3.18,19.0,0.24,0.56,0.079,0.9991,2.2,58.0,0
9.3,0.52,8.6,3.09,21.0,0.17,0.63,0.099,0.998,2.9,119.0,1
9.7,0.68,7.4,3.33,18.0,0.43,0.37,0.082,0.99708,2.6,82.0,0
9.6,0.54,8.8,3.23,25.0,0.17,0.64,0.084,0.99818,2.9,130.0,1
9.7,0.6,7.1,3.48,17.0,0.02,0.61,0.081,0.99745,2.5,87.0,0
10.8,0.56,7.7,3.38,7.0,0.0,0.6,0.055,0.99639,2.6,13.0,1
12.5,0.53,10.1,3.17,7.0,0.54,0.27,0.065,0.99531,2.3,26.0,0
10.2,1.18,10.8,2.99,7.0,0.3,0.89,0.132,0.99786,2.6,60.0,1
9.6,0.74,8.7,3.1,24.0,0.31,0.46,0.126,0.99746,2.5,64.0,1
10.7,0.52,9.4,3.29,5.0,0.34,0.5,0.082,0.9987,3.6,14.0,0
10.7,0.52,9.4,3.29,5.0,0.34,0.5,0.082,0.9987,3.6,14.0,0
9.4,0.51,7.2,3.25,26.0,0.08,0.61,0.082,0.99641,4.0,108.0,1
10.0,0.44,8.6,3.23,8.0,0.09,0.55,0.068,0.99735,3.3,17.0,1
9.6,0.66,7.7,3.24,14.0,0.08,0.56,0.114,0.9971,2.5,46.0,0
9.9,0.57,8.4,3.26,4.0,0.22,0.52,0.084,0.99682,2.7,18.0,0
9.2,0.86,7.4,3.26,4.0,0.12,0.53,0.165,0.99702,1.9,12.0,1
10.3,0.55,7.6,3.22,4.0,0.31,0.48,0.07,0.99693,2.8,15.0,0
10.5,0.47,7.3,3.3,4.0,0.1,0.49,0.068,0.99562,2.6,14.0,1
10.9,0.68,12.9,3.09,7.0,0.55,0.5,0.072,1.00012,2.8,24.0,0
10.8,0.71,10.8,3.24,20.0,0.33,0.45,0.099,0.99818,2.5,38.0,1
11.3,0.76,12.6,3.21,19.0,0.54,0.41,0.103,0.99939,2.8,41.0,0
10.8,0.71,10.8,3.24,20.0,0.33,0.45,0.099,0.99818,2.5,38.0,1
10.5,0.58,9.8,3.23,8.0,0.19,0.51,0.081,0.9984,3.2,30.0,0
11.9,0.73,10.8,3.28,19.0,0.42,0.29,0.084,0.99545,1.6,27.0,0
9.4,0.45,7.1,3.29,21.0,0.0,0.715,0.071,0.99632,2.35,47.0,1
9.6,0.54,9.1,3.28,9.0,0.15,0.66,0.097,0.99976,3.2,59.0,1
9.7,0.6,7.0,3.34,9.0,0.0,0.685,0.099,0.99606,1.9,22.0,1
9.8,0.64,6.7,3.61,15.0,0.13,0.54,0.076,0.9973,2.0,36.0,1
9.8,0.64,6.7,3.61,15.0,0.13,0.54,0.076,0.9973,2.0,36.0,1
10.3,0.53,7.1,3.24,6.0,0.28,0.48,0.068,0.99682,2.8,16.0,1
10.7,0.49,7.1,3.36,15.0,0.14,0.46,0.076,0.99624,2.8,37.0,1
10.7,0.49,7.1,3.36,15.0,0.14,0.46,0.076,0.99624,2.8,37.0,1
11.1,0.77,5.9,3.56,16.0,0.08,0.61,0.071,0.99376,2.1,24.0,0
11.1,0.77,5.9,3.56,16.0,0.08,0.61,0.071,0.99376,2.1,24.0,0
9.4,0.47,8.8,3.32,16.0,0.26,0.685,0.088,0.99694,1.6,23.0,1
9.3,0.51,7.6,3.39,27.0,0.1,0.665,0.066,0.99655,1.5,55.0,1
10.0,0.47,6.0,3.46,13.0,0.04,0.5,0.092,0.99647,2.2,26.0,1
10.3,0.63,6.6,3.45,21.0,0.0,0.66,0.115,0.99629,3.0,31.0,1
10.9,0.72,10.6,3.23,34.0,0.45,0.5,0.119,0.99708,2.6,68.0,0
9.4,0.62,7.1,3.28,9.0,0.35,0.685,0.088,0.9963,2.0,92.0,1
10.6,0.83,9.9,3.18,26.0,0.46,0.25,0.062,0.9959,1.7,42.0,0
9.8,0.66,6.4,3.59,14.0,0.21,0.64,0.081,0.99689,1.8,31.0,1
9.8,0.66,6.4,3.59,14.0,0.21,0.64,0.081,0.99689,1.8,31.0,1
9.9,0.7,7.4,3.5,12.0,0.16,0.68,0.078,0.9977,1.8,39.0,0
9.8,0.66,6.4,3.59,14.0,0.21,0.64,0.081,0.99689,1.8,31.0,1
9.8,0.66,6.4,3.58,12.0,0.21,0.63,0.08,0.99689,1.6,32.0,1
9.5,0.55,9.3,3.28,9.0,0.44,0.43,0.085,0.99708,1.9,22.0,1
9.5,0.55,9.3,3.28,9.0,0.44,0.43,0.085,0.99708,1.9,22.0,1
9.7,1.07,8.0,3.22,26.0,0.32,0.42,0.08,0.99801,2.5,122.0,1
10.9,0.73,9.3,3.47,41.0,0.39,0.36,0.08,0.99652,1.5,55.0,0
10.9,0.73,9.3,3.47,41.0,0.39,0.36,0.08,0.99652,1.5,55.0,0
10.9,0.73,9.3,3.47,41.0,0.39,0.36,0.08,0.99652,1.5,55.0,0
11.2,0.82,6.8,3.4,15.0,0.22,0.56,0.074,0.99438,1.8,24.0,0
9.5,0.54,7.2,3.51,15.0,0.06,0.62,0.077,0.99746,2.7,85.0,1
11.5,0.6,5.8,3.66,15.0,0.66,1.01,0.039,0.99357,2.0,88.0,0
10.4,0.44,7.5,3.24,7.0,0.32,0.42,0.067,0.99628,2.7,25.0,1
9.7,0.53,7.2,3.51,17.0,0.06,0.62,0.078,0.99746,2.5,84.0,1
9.5,0.54,7.2,3.51,15.0,0.06,0.62,0.077,0.99746,2.7,85.0,1
9.7,0.54,7.2,3.51,16.0,0.07,0.635,0.077,0.99748,2.6,86.0,1
11.3,0.83,6.8,3.41,13.0,0.22,0.49,0.071,0.99438,2.3,24.0,0
11.2,0.84,6.9,3.4,13.0,0.23,0.51,0.072,0.99438,2.0,22.0,0
11.2,0.82,6.8,3.4,15.0,0.22,0.56,0.074,0.99438,1.8,24.0,0
10.9,0.64,7.6,3.44,27.0,0.03,0.63,0.08,0.99578,2.0,43.0,0
11.8,0.57,7.7,3.41,31.0,0.01,0.715,0.064,0.99371,2.1,43.0,0
10.6,0.57,6.9,3.53,36.0,0.03,0.56,0.086,0.99522,1.5,46.0,1
11.8,0.57,7.7,3.41,31.0,0.01,0.715,0.064,0.99371,2.1,43.0,0
10.0,0.5,8.8,3.22,30.0,0.19,0.61,0.094,0.99787,4.0,69.0,0
9.5,0.55,7.2,3.53,18.0,0.04,0.6,0.076,0.99745,2.5,88.0,1
9.9,0.49,9.2,3.15,10.0,0.18,0.56,0.078,0.99576,1.6,21.0,1
11.4,0.65,7.6,3.48,30.0,0.0,0.715,0.068,0.99533,2.1,35.0,0
12.0,0.78,8.4,3.22,14.0,0.29,0.31,0.194,0.99536,3.1,26.0,0
9.5,0.55,7.2,3.53,18.0,0.04,0.6,0.076,0.99745,2.5,88.0,1
10.0,0.5,8.8,3.22,30.0,0.19,0.61,0.094,0.99787,4.0,69.0,0
10.5,0.64,8.9,3.34,9.0,0.14,0.75,0.086,0.99824,2.5,30.0,1
10.4,0.65,9.0,3.33,8.0,0.12,0.8,0.083,0.99836,2.4,28.0,0
11.2,0.56,6.8,3.43,32.0,0.0,0.57,0.072,0.99491,2.5,64.0,0
9.3,0.68,10.7,3.22,23.0,0.34,0.9,0.112,1.00289,6.6,99.0,1
10.1,0.58,7.2,3.44,30.0,0.24,0.34,0.071,0.99576,2.0,52.0,1
9.7,0.57,7.2,3.53,16.0,0.03,0.66,0.078,0.99743,2.3,86.0,1
9.3,0.65,10.1,3.22,10.0,0.23,0.45,0.082,0.99774,1.9,18.0,0
9.7,0.57,7.2,3.53,16.0,0.03,0.66,0.078,0.99743,2.3,86.0,1
9.8,0.58,7.2,3.53,17.0,0.03,0.63,0.08,0.99745,2.2,88.0,0
10.7,0.58,7.1,3.42,27.0,0.01,0.59,0.08,0.9955,2.3,43.0,0
10.7,0.58,7.1,3.42,27.0,0.01,0.59,0.08,0.9955,2.3,43.0,0
11.8,0.69,8.9,3.4,10.0,0.36,0.31,0.056,0.99562,2.6,39.0,1
9.5,0.59,9.2,3.23,15.0,0.2,0.58,0.081,0.998,3.0,115.0,1
11.0,0.71,7.2,3.39,12.0,0.27,0.54,0.084,0.9964,2.6,78.0,1
11.5,0.54,6.1,3.59,6.0,0.0,0.56,0.079,0.9948,2.2,9.0,0
10.8,0.59,7.4,3.43,34.0,0.13,0.52,0.078,0.99528,2.4,61.0,0
11.5,0.52,7.3,3.29,7.0,0.39,0.305,0.059,0.99331,1.2,11.0,0
13.2,0.57,9.3,3.23,3.0,0.48,0.38,0.132,0.99577,3.8,11.0,0
10.9,0.6,9.1,3.18,3.0,0.46,0.28,0.114,0.99901,9.0,9.0,0
12.2,0.62,10.0,3.33,4.0,0.44,0.46,0.065,0.99674,2.9,8.0,0
11.5,0.52,7.3,3.29,7.0,0.39,0.305,0.059,0.99331,1.2,11.0,0
11.9,0.67,8.6,3.27,3.0,0.4,0.315,0.079,0.99512,2.2,6.0,0
11.0,0.61,5.3,3.62,7.0,0.19,0.715,0.161,0.99395,1.5,62.0,1
10.1,0.64,6.8,3.38,26.0,0.31,0.41,0.084,0.99824,8.8,45.0,0
11.0,0.72,8.4,3.3,32.0,0.32,0.36,0.081,0.9964,2.2,79.0,0
11.8,0.89,8.4,3.38,38.0,0.12,0.62,0.072,0.99504,1.8,46.0,0
10.5,0.56,9.6,3.24,10.0,0.37,0.41,0.091,0.99786,2.3,23.0,1
11.0,0.72,8.4,3.3,32.0,0.32,0.36,0.081,0.9964,2.2,79.0,0
11.8,0.89,8.4,3.38,38.0,0.12,0.62,0.072,0.99504,1.8,46.0,0
10.1,0.64,6.8,3.38,26.0,0.31,0.41,0.084,0.99824,8.8,45.0,0
11.2,0.8,8.6,3.18,14.0,0.27,0.47,0.055,0.99516,2.3,28.0,1
10.2,0.9,9.4,3.47,52.0,0.33,0.24,0.061,0.99786,2.3,73.0,0
11.2,0.8,8.6,3.18,14.0,0.27,0.47,0.055,0.99516,2.3,28.0,1
10.5,0.73,6.6,3.69,8.0,0.01,0.61,0.08,0.99746,1.9,25.0,1
9.8,0.65,7.4,3.48,13.0,0.01,0.61,0.074,0.99748,2.0,38.0,1
9.5,0.59,7.6,3.45,29.0,0.29,0.4,0.078,0.9971,1.9,66.0,0
9.8,0.65,7.4,3.48,13.0,0.01,0.61,0.074,0.99748,2.0,38.0,1
10.5,0.73,6.6,3.69,8.0,0.01,0.61,0.08,0.99746,1.9,25.0,1
11.8,0.72,8.8,3.39,19.0,0.38,0.3,0.06,0.99543,2.3,72.0,0
11.8,0.72,8.8,3.39,19.0,0.38,0.3,0.06,0.99543,2.3,72.0,0
11.4,0.54,6.2,3.61,7.0,0.17,0.46,0.073,0.99425,1.6,11.0,1
12.2,0.54,7.6,3.44,6.0,0.4,0.43,0.082,0.99538,2.7,11.0,0
10.4,0.67,8.5,3.36,9.0,0.52,0.21,0.09,0.99648,1.9,23.0,1
11.3,0.62,9.0,3.31,5.0,0.52,0.36,0.111,0.99568,2.1,10.0,0
11.1,0.58,9.5,3.29,12.0,0.52,0.37,0.088,0.99613,2.0,51.0,0
10.0,0.61,8.0,3.36,12.0,0.05,0.59,0.089,0.99735,2.0,32.0,1
11.1,0.85,8.5,3.16,18.0,0.27,0.47,0.058,0.99518,1.9,38.0,0
9.3,0.62,7.1,3.27,7.0,0.14,0.56,0.078,0.99592,1.6,18.0,1
9.5,0.69,6.6,3.38,6.0,0.02,0.57,0.115,0.99654,2.1,16.0,1
11.2,0.69,8.8,3.15,20.0,0.39,0.27,0.1,0.99546,2.0,27.0,0
11.1,0.85,8.5,3.16,18.0,0.27,0.47,0.058,0.99518,1.9,38.0,0
11.0,0.86,8.3,3.34,24.0,0.4,0.34,0.065,0.99554,2.4,48.0,0
9.2,0.48,8.5,3.13,23.0,0.2,0.66,0.097,0.99733,2.1,113.0,1
12.2,0.6,9.0,3.2,29.0,0.43,0.4,0.068,0.9943,2.4,46.0,0
10.2,0.61,6.7,3.46,7.0,0.09,0.56,0.079,0.99669,2.9,22.0,1
10.9,0.87,10.4,3.33,6.0,0.48,0.26,0.066,0.99724,1.9,10.0,0
10.9,0.87,10.4,3.33,6.0,0.48,0.26,0.066,0.99724,1.9,10.0,0
10.7,0.63,8.5,3.52,6.0,0.44,0.34,0.079,0.99605,1.7,12.0,1
9.4,0.52,7.2,3.44,35.0,0.3,0.41,0.083,0.997,2.1,72.0,1
9.4,0.52,7.2,3.44,35.0,0.3,0.41,0.083,0.997,2.1,72.0,1
9.1,0.5,8.4,3.15,31.0,0.29,0.59,0.109,0.99801,2.6,119.0,1
10.4,0.63,12.2,3.13,3.0,0.49,0.45,0.075,0.9969,1.4,6.0,1
10.5,0.71,9.1,3.32,8.0,0.3,0.5,0.065,0.99774,1.9,17.0,0
10.0,0.62,9.5,3.25,13.0,0.26,0.86,0.079,0.99712,1.9,28.0,1
12.9,0.82,7.3,3.34,51.0,0.32,0.52,0.07,0.99418,2.1,70.0,0
10.5,0.71,9.1,3.32,8.0,0.3,0.5,0.065,0.99774,1.9,17.0,0
10.4,0.63,12.2,3.13,3.0,0.49,0.45,0.075,0.9969,1.4,6.0,1
11.3,0.58,7.4,3.45,7.0,0.0,0.58,0.064,0.99562,2.0,11.0,0
9.4,0.5,7.1,3.44,35.0,0.3,0.36,0.08,0.99693,1.6,70.0,1
9.4,0.49,7.7,3.16,19.0,0.12,0.39,0.097,0.99596,1.7,27.0,1
10.9,0.51,9.7,3.14,14.0,0.4,0.295,0.073,0.99556,1.5,21.0,0
9.4,0.49,7.7,3.16,19.0,0.12,0.39,0.097,0.99596,1.7,27.0,1
9.4,0.48,7.1,3.45,31.0,0.28,0.34,0.082,0.99694,2.0,68.0,1
9.4,0.48,6.5,3.36,30.0,0.1,0.4,0.076,0.99554,2.0,47.0,0
9.4,0.48,7.1,3.45,31.0,0.28,0.34,0.082,0.99694,2.0,68.0,1
9.4,0.43,10.0,3.15,20.0,0.45,0.35,0.092,0.99918,2.5,88.0,1
10.1,0.62,7.7,3.39,19.0,0.06,0.6,0.079,0.99697,2.0,41.0,0
9.1,0.48,8.9,3.12,4.0,0.34,0.84,0.05,0.99554,1.4,10.0,0
12.9,0.53,6.4,3.47,7.0,0.0,0.69,0.055,0.99162,1.65,12.0,0
10.3,0.54,8.2,3.25,27.0,0.29,0.43,0.081,0.99603,1.6,45.0,1
10.9,0.68,9.6,3.18,26.0,0.36,0.5,0.116,0.99722,2.8,55.0,1
10.4,0.55,8.9,3.17,12.0,0.31,0.32,0.088,0.9957,2.0,19.0,0
10.0,0.48,7.7,3.23,11.0,0.15,1.005,0.102,0.99604,2.1,32.0,1
10.0,0.58,7.5,3.38,22.0,0.0,0.71,0.092,0.99635,1.6,31.0,0
11.2,0.58,8.0,3.22,3.0,0.16,0.58,0.12,0.99454,2.0,7.0,0
11.4,0.84,10.5,3.06,14.0,0.46,0.39,0.075,0.99598,2.2,27.0,0
12.7,0.44,8.0,2.89,36.0,0.37,0.18,0.049,0.99007,0.9,109.0,0
12.7,0.44,8.0,2.89,36.0,0.37,0.18,0.049,0.99007,0.9,109.0,0
10.4,0.61,7.0,3.53,10.0,0.14,0.5,0.078,0.99636,1.8,23.0,1
11.9,0.53,11.3,3.2,3.0,0.66,0.36,0.123,0.99642,2.4,8.0,0
11.9,0.53,11.3,3.2,3.0,0.66,0.36,0.123,0.99642,2.4,8.0,0
10.5,0.54,7.0,3.35,4.0,0.09,0.51,0.062,0.99584,2.1,9.0,1
12.3,0.55,8.2,3.27,3.0,0.42,0.32,0.098,0.99506,2.3,9.0,0
10.4,0.6,8.6,3.33,17.0,0.0,0.83,0.095,0.99822,2.8,43.0,0
12.6,0.56,7.9,3.41,14.0,0.32,0.31,0.066,0.99364,1.9,36.0,0
11.6,0.52,6.4,3.49,28.0,0.0,0.795,0.065,0.99378,2.2,52.0,1
10.1,0.54,7.2,3.37,41.0,0.21,0.34,0.075,0.99586,2.5,68.0,0
9.6,0.53,8.1,3.36,5.0,0.0,0.82,0.095,0.99854,4.1,14.0,1
10.4,0.59,7.5,3.3,14.0,0.08,0.57,0.089,0.99592,2.6,27.0,0
9.7,0.47,8.9,3.2,15.0,0.18,0.745,0.077,0.99739,2.5,48.0,0
9.2,0.56,7.3,3.35,20.0,0.1,0.91,0.074,0.99672,1.8,56.0,1
11.1,0.83,8.9,3.33,21.0,0.21,0.5,0.088,0.99692,2.2,39.0,0
10.2,0.67,7.4,3.58,16.0,0.0,0.965,0.088,0.99756,2.2,32.0,1
9.8,0.64,6.9,3.38,13.0,0.19,0.49,0.079,0.99547,1.7,26.0,0
11.1,0.83,8.9,3.33,21.0,0.21,0.5,0.088,0.99692,2.2,39.0,0
12.2,0.62,6.4,3.36,12.0,0.33,0.39,0.046,0.99294,3.3,53.0,0
11.4,0.58,6.9,3.32,32.0,0.0,0.44,0.07,0.99438,1.4,38.0,0
10.7,0.62,7.6,3.31,33.0,0.0,0.78,0.076,0.99612,1.7,45.0,0
10.4,0.64,7.1,3.49,27.0,0.17,0.43,0.082,0.99634,1.8,51.0,1
10.9,0.78,9.3,3.27,3.0,0.36,0.49,0.081,0.99702,1.7,14.0,0
10.8,0.77,9.3,3.27,6.0,0.36,0.5,0.084,0.99704,1.8,17.0,0
10.4,0.64,7.1,3.49,27.0,0.17,0.43,0.082,0.99634,1.8,51.0,1
9.2,1.34,8.5,3.03,16.0,0.59,0.46,0.414,0.99702,1.4,45.0,1
12.9,0.55,5.6,3.56,19.0,0.05,0.605,0.073,0.99258,2.4,25.0,1
9.1,0.62,8.2,3.13,5.0,0.27,0.64,0.095,0.99747,2.0,77.0,0
9.1,0.62,8.2,3.13,5.0,0.27,0.64,0.095,0.99747,2.0,77.0,0
9.1,0.57,7.6,3.15,28.0,0.25,0.42,0.104,0.99784,3.9,90.0,1
9.9,0.7,11.6,3.14,3.0,0.57,0.23,0.074,0.9981,1.8,8.0,0
11.4,0.64,8.0,3.3,6.0,0.44,0.38,0.098,0.9956,1.9,15.0,0
11.8,0.63,10.2,3.22,6.0,0.65,0.29,0.075,0.99565,2.4,17.0,0
11.8,0.57,8.2,3.28,5.0,0.09,0.74,0.067,0.99418,2.0,10.0,0
10.2,0.6,7.7,3.29,6.0,0.18,0.61,0.083,0.9963,2.4,20.0,0
10.8,0.62,8.0,3.31,28.0,0.35,0.62,0.086,0.997,2.8,52.0,1
9.2,0.58,7.5,3.2,30.0,0.2,0.77,0.098,0.99892,8.1,92.0,1
9.5,0.58,7.2,3.4,33.0,0.26,0.35,0.083,0.9968,1.8,75.0,0
10.7,0.58,8.0,3.31,16.0,0.33,0.62,0.088,0.9972,2.7,37.0,0
9.2,0.58,7.5,3.2,30.0,0.2,0.77,0.098,0.99892,8.1,92.0,1
11.4,0.73,9.9,3.15,3.0,0.56,0.32,0.073,0.99534,2.0,8.0,0
11.0,0.58,8.6,3.27,3.0,0.65,0.37,0.08,0.99817,6.4,8.0,1
11.0,0.58,8.6,3.27,3.0,0.65,0.37,0.08,0.99817,6.4,8.0,1
11.8,0.51,10.3,3.16,3.0,0.56,0.27,0.047,0.99471,1.4,8.0,0
9.5,0.59,7.2,3.42,31.0,0.3,0.38,0.073,0.99685,1.8,70.0,0
12.0,0.77,8.7,3.33,32.0,0.45,0.42,0.072,0.99617,2.4,59.0,0
9.5,0.59,7.2,3.42,31.0,0.3,0.38,0.073,0.99685,1.8,70.0,0
9.6,0.49,6.8,3.12,40.0,0.08,0.48,0.074,0.99529,1.8,64.0,1
11.2,0.69,7.9,3.29,18.0,0.42,0.19,0.057,0.994,1.6,30.0,0
11.4,0.6,7.9,3.35,8.0,0.42,0.34,0.086,0.99546,2.0,19.0,0
11.5,0.59,7.0,3.43,10.0,0.09,0.54,0.081,0.99479,2.0,16.0,0
10.8,0.49,6.6,3.35,9.0,0.09,0.725,0.117,0.99655,5.5,17.0,0
10.5,0.5,9.4,3.15,6.0,0.47,0.4,0.087,0.99772,2.5,20.0,1
10.8,0.49,6.6,3.35,9.0,0.09,0.725,0.117,0.99655,5.5,17.0,0
9.4,0.52,8.6,3.2,5.0,0.38,0.52,0.096,0.99666,1.5,18.0,1
9.4,0.52,8.6,3.2,5.0,0.38,0.52,0.096,0.99666,1.5,18.0,1
12.4,0.78,8.4,3.11,23.0,0.42,0.34,0.072,0.99392,2.1,36.0,0
12.0,0.63,7.4,3.35,14.0,0.27,0.49,0.071,0.99388,2.1,25.0,0
11.2,0.54,6.1,3.45,18.0,0.09,0.48,0.078,0.99402,1.7,30.0,0
12.0,0.63,7.4,3.35,14.0,0.27,0.49,0.071,0.99388,2.1,25.0,0
12.4,0.66,8.0,3.28,16.0,0.34,0.48,0.073,0.9936,2.2,25.0,0
12.8,0.6,6.3,3.41,13.0,0.28,0.57,0.048,0.99374,2.1,49.0,1
12.3,0.54,8.2,3.21,9.0,0.42,0.23,0.069,0.99376,1.9,17.0,0
9.5,0.49,8.1,3.36,4.0,0.1,0.78,0.09,0.99855,3.3,13.0,1
10.8,0.76,10.8,3.17,27.0,0.43,0.47,0.171,0.9982,2.1,66.0,0
10.0,0.64,8.3,3.25,6.0,0.0,0.53,0.07,0.99593,1.4,14.0,0
11.0,0.71,7.9,3.29,6.0,0.41,0.33,0.056,0.99396,1.5,35.0,0
9.5,0.59,8.9,3.12,3.0,0.39,0.24,0.074,0.99698,1.6,10.0,0
13.6,0.66,5.0,3.49,29.0,0.5,0.4,0.046,0.9902,4.3,80.0,0
11.3,0.6,7.0,3.38,15.0,0.07,0.69,0.091,0.99572,2.5,21.0,0
11.3,0.6,7.0,3.38,15.0,0.07,0.69,0.091,0.99572,2.5,21.0,0
11.3,0.6,7.0,3.38,15.0,0.07,0.69,0.091,0.99572,2.5,21.0,0
13.3,0.53,7.1,3.3,14.0,0.12,0.39,0.065,0.99252,2.1,24.0,0
12.9,0.58,5.6,3.52,7.0,0.0,0.66,0.066,0.99256,2.5,15.0,1
12.3,0.55,6.6,3.44,21.0,0.0,0.5,0.062,0.99352,1.8,28.0,0
12.3,0.48,6.3,3.45,27.0,0.0,0.47,0.055,0.9922,1.4,33.0,0
11.2,0.65,10.7,3.12,17.0,0.37,0.4,0.081,0.99674,1.9,29.0,0
13.5,0.54,5.8,3.39,3.0,0.26,0.29,0.063,0.9915,1.7,11.0,0
11.5,0.6,6.3,3.51,26.0,0.0,0.76,0.072,0.99379,2.9,52.0,0
10.0,0.68,10.0,3.22,28.0,0.33,0.43,0.095,0.9984,2.7,89.0,1
10.5,0.69,10.5,3.21,24.0,0.35,0.43,0.092,0.99798,3.3,70.0,0
10.4,0.63,9.1,3.18,5.0,0.0,0.6,0.058,0.9977,1.9,10.0,0
9.5,0.44,5.9,3.32,57.0,0.21,0.19,0.045,0.99341,1.7,135.0,1
11.9,0.6,8.0,3.38,22.0,0.43,0.25,0.067,0.9946,1.7,50.0,0
11.4,0.76,10.4,3.22,6.0,0.45,0.52,0.08,0.99774,2.0,13.0,0
11.4,0.76,10.4,3.22,6.0,0.45,0.52,0.08,0.99774,2.0,13.0,0
9.1,0.58,7.5,3.14,29.0,0.15,0.41,0.104,0.99786,3.7,94.0,1
9.5,0.64,8.2,3.34,16.0,0.24,0.51,0.079,0.99764,2.0,86.0,0
9.5,0.65,7.3,3.41,33.0,0.3,0.4,0.08,0.9969,1.7,79.0,0
11.0,0.85,8.2,3.27,24.0,0.32,0.38,0.08,0.99624,2.5,71.0,0
11.4,0.65,6.9,3.3,6.0,0.11,0.45,0.043,0.99354,2.4,12.0,0
10.0,0.82,7.0,3.61,16.0,0.3,0.22,0.065,0.99672,1.8,20.0,0
10.1,0.62,7.3,3.43,35.0,0.23,0.32,0.066,0.99588,2.3,70.0,1
10.4,0.81,8.2,3.53,31.0,0.43,0.2,0.076,0.99672,2.5,51.0,0
9.8,0.87,7.8,3.28,6.0,0.12,0.5,0.178,0.996,1.8,21.0,0
11.6,0.66,7.8,3.39,9.0,0.42,0.39,0.086,0.99526,2.0,21.0,0
12.0,0.52,10.0,3.23,6.0,0.47,0.35,0.061,0.99585,2.0,11.0,0
12.5,0.65,6.1,3.46,16.0,0.23,0.58,0.044,0.99352,2.5,70.0,0
9.8,0.53,8.3,3.15,9.0,0.25,0.6,0.118,0.99616,2.2,38.0,1
11.1,0.66,9.6,3.23,17.0,0.35,0.42,0.083,0.99622,2.1,38.0,0
11.4,0.68,6.6,3.59,50.0,0.0,0.58,0.1,0.99544,2.2,63.0,0
9.8,0.53,8.3,3.15,9.0,0.25,0.6,0.118,0.99616,2.2,38.0,1
10.6,1.16,6.7,3.42,22.0,0.43,0.41,0.076,0.99572,2.8,54.0,0
10.8,0.67,10.2,3.16,11.0,0.43,0.41,0.11,0.99728,2.2,37.0,1
10.2,0.75,8.8,3.21,12.0,0.43,0.45,0.076,0.99551,1.4,21.0,0
10.0,0.67,9.0,3.29,10.0,0.24,0.785,0.078,0.99692,1.7,21.0,1
10.0,0.67,9.0,3.29,10.0,0.24,0.785,0.078,0.99692,1.7,21.0,1
9.4,1.1,8.5,3.01,15.0,0.5,0.44,0.369,0.99634,1.9,38.0,1
10.2,0.98,9.9,2.94,7.0,0.26,0.54,0.111,0.99709,2.0,60.0,1
12.0,0.56,6.5,3.21,8.0,0.27,0.34,0.067,0.99384,2.8,44.0,0
11.5,0.62,7.6,3.32,5.0,0.29,0.5,0.086,0.99502,2.3,14.0,0
10.5,0.67,9.2,3.2,5.0,0.34,0.36,0.062,0.99667,1.6,12.0,0
10.8,0.68,7.1,3.42,26.0,0.0,0.59,0.078,0.99522,2.2,44.0,0
12.3,0.74,9.7,3.27,5.0,0.46,0.42,0.074,0.99649,2.1,16.0,0
9.5,0.62,7.6,3.46,26.0,0.31,0.36,0.079,0.99716,1.7,65.0,0
9.5,0.62,7.6,3.46,26.0,0.31,0.36,0.079,0.99716,1.7,65.0,0
11.5,0.7,6.5,3.61,48.0,0.0,0.61,0.095,0.99541,2.2,59.0,0
11.4,0.73,5.6,3.68,17.0,0.0,0.915,0.041,0.99346,2.1,78.0,1
11.0,0.81,8.2,3.27,11.0,0.33,0.35,0.076,0.99599,2.4,47.0,0
11.0,0.81,8.2,3.27,11.0,0.33,0.35,0.076,0.99599,2.4,47.0,0
11.4,0.46,9.8,3.19,5.0,0.43,0.39,0.068,0.99478,1.65,11.0,1
10.5,0.86,10.2,3.38,41.0,0.4,0.4,0.068,0.99754,2.5,54.0,0
9.3,0.6,6.8,3.29,16.0,0.07,0.66,0.07,0.99572,1.6,61.0,1
10.9,0.7,6.7,3.36,11.0,0.23,0.64,0.08,0.99538,2.1,119.0,1
11.9,0.46,7.0,3.33,6.0,0.3,0.43,0.085,0.99346,2.0,39.0,0
12.2,0.5,6.6,3.52,6.0,0.03,0.8,0.079,0.9963,7.8,12.0,1
11.9,0.46,7.0,3.33,6.0,0.3,0.43,0.085,0.99346,2.0,39.0,0
10.9,0.7,6.7,3.36,11.0,0.23,0.64,0.08,0.99538,2.1,119.0,1
12.5,0.57,9.1,3.28,6.0,0.57,0.4,0.08,0.99652,4.6,20.0,0
10.8,0.51,6.5,3.56,6.0,0.0,0.885,0.166,0.99551,2.3,12.0,1
10.8,0.51,6.4,3.56,6.0,0.0,0.885,0.166,0.99551,2.3,12.0,1
9.5,0.59,7.0,3.22,15.0,0.12,0.745,0.114,0.99588,1.8,64.0,0
9.5,0.6,6.2,3.52,21.0,0.22,0.43,0.078,0.99633,1.8,56.0,0
9.5,0.58,7.9,3.21,23.0,0.23,0.58,0.076,0.99686,2.3,94.0,0
9.8,0.54,7.7,3.16,4.0,0.21,0.57,0.069,0.99458,1.5,9.0,0
10.9,0.79,7.7,3.15,19.0,0.26,0.26,0.052,0.9951,2.0,77.0,0
9.5,0.58,7.9,3.21,23.0,0.23,0.58,0.076,0.99686,2.3,94.0,0
9.8,0.54,7.7,3.16,4.0,0.21,0.57,0.069,0.99458,1.5,9.0,0
9.4,0.55,9.9,3.14,33.0,0.19,0.74,0.111,0.99878,5.8,76.0,1
10.0,0.94,9.9,3.35,24.0,0.55,0.72,0.136,0.99752,1.7,52.0,1
10.4,0.62,6.8,3.35,8.0,0.02,0.65,0.078,0.99498,2.1,15.0,0
9.3,0.62,6.6,3.32,22.0,0.15,0.44,0.076,0.9957,2.1,53.0,1
10.4,0.62,6.8,3.35,8.0,0.02,0.65,0.078,0.99498,2.1,15.0,0
10.5,0.75,9.6,3.15,5.0,0.42,0.38,0.071,0.99659,1.9,13.0,0
10.4,0.48,10.2,3.1,6.0,0.46,0.33,0.081,0.99628,1.9,9.0,0
11.3,0.56,8.8,3.26,20.0,0.46,0.27,0.095,0.99488,2.1,29.0,0
9.5,0.69,7.9,3.29,10.0,0.31,0.57,0.079,0.99677,2.0,79.0,0
12.0,0.81,8.2,3.23,43.0,0.37,0.34,0.057,0.99408,1.9,74.0,0
10.6,0.69,8.2,3.24,8.0,0.31,0.4,0.082,0.996,1.9,24.0,0
10.9,0.83,9.0,3.2,25.0,0.4,0.39,0.044,0.99478,1.3,50.0,0
11.5,0.77,10.9,3.28,17.0,0.52,0.32,0.132,0.99734,1.8,44.0,0
11.5,0.77,10.9,3.28,17.0,0.52,0.32,0.132,0.99734,1.8,44.0,0
9.6,0.46,8.1,3.26,33.0,0.22,0.53,0.078,0.99678,2.2,89.0,0
12.0,0.76,10.5,3.23,9.0,0.47,0.36,0.074,0.99638,2.2,23.0,0
10.3,0.82,12.6,3.07,8.0,0.49,0.39,0.08,0.9992,2.5,20.0,0
9.4,0.51,9.2,3.15,18.0,0.23,0.46,0.091,0.99922,2.6,77.0,1
9.2,0.47,7.5,3.02,27.0,0.03,0.58,0.08,0.99592,4.1,46.0,1
9.6,0.72,9.0,3.27,8.0,0.25,0.58,0.104,0.99769,2.0,21.0,1
9.5,0.64,7.6,3.4,19.0,0.29,0.43,0.075,0.99718,2.1,66.0,1
11.8,0.78,7.7,3.37,15.0,0.34,0.18,0.066,0.9947,2.7,58.0,0
10.8,0.62,7.8,3.38,48.0,0.01,0.815,0.074,0.99621,2.6,90.0,1
9.5,0.64,7.6,3.4,19.0,0.29,0.43,0.075,0.99718,2.1,66.0,1
12.8,0.4,7.1,3.39,11.0,0.01,0.75,0.059,0.99242,2.2,18.0,0
9.4,0.64,7.8,3.26,7.0,0.0,0.55,0.07,0.99659,1.7,17.0,0
12.8,0.4,7.1,3.39,11.0,0.01,0.75,0.059,0.99242,2.2,18.0,0
9.3,0.4,7.5,3.1,36.0,0.2,0.61,0.076,0.99494,1.7,60.0,1
9.8,0.59,9.8,3.16,28.0,0.39,0.37,0.079,0.99729,2.5,65.0,1
12.2,0.6,9.0,3.22,15.0,0.41,0.4,0.058,0.99414,2.0,40.0,0
9.5,0.62,8.3,3.37,10.0,0.22,0.56,0.082,0.9983,2.4,86.0,1
10.3,0.54,5.9,3.33,72.0,0.25,0.29,0.067,0.99721,13.4,160.0,0
10.5,0.68,7.4,3.49,15.0,0.19,0.55,0.082,0.99655,1.8,34.0,1
10.0,0.48,7.4,3.12,15.0,0.07,0.74,0.086,0.99502,1.7,48.0,1
10.5,0.68,7.4,3.49,15.0,0.19,0.55,0.082,0.99655,1.8,34.0,1
11.1,0.75,6.9,3.41,22.0,0.33,0.41,0.081,0.9949,2.2,36.0,0
10.9,0.61,7.1,3.4,24.0,0.01,0.6,0.079,0.99514,2.3,37.0,0
10.9,0.61,7.1,3.4,24.0,0.01,0.6,0.079,0.99514,2.3,37.0,0
9.8,0.59,7.5,3.28,27.0,0.14,0.58,0.077,0.9963,2.2,60.0,1
9.8,0.58,7.1,3.45,6.0,0.0,0.72,0.123,0.99627,1.8,14.0,1
9.5,0.58,7.9,3.43,6.0,0.0,0.66,0.096,0.99569,1.4,13.0,1
