NY,40,510,No,No,0,115.7,105,19.67,127.8,113,10.86,107.5,91,4.84,9.3,6,2.51,1
OR,142,510,No,Yes,22,224.4,114,38.15,146,106,12.41,241.4,98,10.86,8.8,2,2.38,1
SD,78,408,No,No,0,163.6,88,27.81,283.4,93,24.09,262.1,108,11.79,8.6,9,2.32,0
MI,225,415,No,No,0,165.4,106,28.12,273.7,109,23.26,210,93,9.45,8.7,3,2.35,0
DE,113,415,No,No,0,239.7,47,40.75,282.9,110,24.05,238.4,88,10.73,8.7,3,2.35,2
MD,62,408,No,No,0,321.1,105,54.59,265.5,122,22.57,180.5,72,8.12,11.5,2,3.11,4
NH,161,415,No,No,0,173.4,100,29.48,213.7,74,18.16,141.5,69,6.37,11.5,4,3.11,1
CT,141,408,No,No,0,51.9,108,8.82,162,83,13.77,223.5,115,10.06,10.1,3,2.73,3
OR,67,415,Yes,No,0,120.9,58,20.55,235,88,19.98,95.1,130,4.28,11.4,11,3.08,2
NJ,80,415,No,No,0,268.7,120,45.68,301,147,25.59,167,140,7.52,5.8,1,1.57,2
MS,103,510,No,Yes,29,164.1,111,27.9,219.1,96,18.62,220.3,108,9.91,12.3,9,3.32,0
ND,101,415,No,Yes,36,123.7,125,21.03,172.6,106,14.67,280.5,127,12.62,8.8,4,2.38,1
MO,56,415,No,No,0,137.2,111,23.32,165.9,119,14.1,182.3,72,8.2,14.3,4,3.86,1
HI,24,415,No,No,0,235.6,132,40.05,115.9,129,9.85,185.4,136,8.34,16.2,2,4.37,0
DC,144,415,No,No,0,133.3,101,22.66,255.5,127,21.72,228.6,68,10.29,11.6,2,3.13,0
VA,90,415,No,No,0,102,118,17.34,113.3,134,9.63,188.6,105,8.49,11.4,3,3.08,2
WA,110,415,No,No,0,241.2,105,41,174.3,85,14.82,245.3,59,11.04,8.5,4,2.3,2
DC,60,408,No,No,0,179.3,147,30.48,208.9,89,17.76,248.2,98,11.17,13.5,6,3.65,1
CA,120,510,No,No,0,134.8,94,22.92,204.1,106,17.35,238.4,109,10.73,6.7,8,1.81,1
UT,126,408,No,No,0,211.6,70,35.97,216.9,80,18.44,153.5,60,6.91,7.8,1,2.11,1
IA,152,415,No,No,0,206.3,98,35.07,292.8,82,24.89,43.7,121,1.97,10.6,4,2.86,1
WI,96,510,No,Yes,18,172.7,86,29.36,133.4,113,11.34,259.5,70,11.68,9.8,3,2.65,1
NM,117,415,No,No,0,143.3,103,24.36,211.3,108,17.96,185.2,96,8.33,11.5,3,3.11,1
OR,133,415,No,No,0,143.8,71,24.45,184,131,15.64,275.5,132,12.4,12.9,4,3.48,3
OH,75,510,No,Yes,46,214.1,62,36.4,200.9,111,17.08,246.8,126,11.11,9.2,6,2.48,0
CO,192,415,No,No,0,185,88,31.45,224.9,98,19.12,212.4,105,9.56,11.4,3,3.08,2
KS,124,415,No,No,0,158.6,104,26.96,211.2,77,17.95,179.3,104,8.07,10.2,8,2.75,3
OR,81,415,No,No,0,324.7,48,55.2,236.4,82,20.09,187.6,78,8.44,13.1,5,3.54,0
FL,143,415,No,No,0,119.1,117,20.25,287.7,136,24.45,223,100,10.04,12.2,4,3.29,0
OH,115,510,Yes,No,0,345.3,81,58.7,203.4,106,17.29,217.5,107,9.79,11.8,8,3.19,1
NM,62,415,No,No,0,245.3,91,41.7,122.9,130,10.45,228.4,102,10.28,8.5,4,2.3,4
IL,31,415,No,Yes,28,210.5,101,35.79,250.5,86,21.29,241.6,125,10.87,11.5,2,3.11,1
UT,59,510,No,No,0,155.2,79,26.38,235.3,123,20,169.4,80,7.62,8.7,4,2.35,1
AK,104,408,No,No,0,278.4,106,47.33,81,113,6.89,163.2,137,7.34,9.8,5,2.65,1
MA,101,415,No,Yes,21,238,88,40.46,209.6,84,17.82,233,95,10.49,10,5,2.7,2
NE,70,415,No,No,0,213.4,86,36.28,204.7,77,17.4,256.6,101,11.55,5.7,4,1.54,1
NJ,129,415,No,No,0,168.4,117,28.63,217.1,129,18.45,81.6,100,3.67,11.8,7,3.19,1
TN,108,510,No,Yes,34,162.1,83,27.56,171.8,117,14.6,259.8,76,11.69,9.6,3,2.59,4
NY,160,408,No,No,0,216.8,77,36.86,207.3,117,17.62,228.6,117,10.29,5.6,2,1.51,1
AL,72,415,No,No,0,166.5,102,28.31,261,103,22.19,262.7,85,11.82,13.3,5,3.59,0
ND,35,415,No,No,0,260.8,87,44.34,258.1,78,21.94,131.3,123,5.91,5.8,2,1.57,1
NH,103,408,No,No,0,150.6,125,25.6,169.1,126,14.37,221.2,104,9.95,10.4,8,2.81,8
MA,88,415,No,No,0,264.8,124,45.02,245.4,112,20.86,160.5,115,7.22,14.8,2,4,1
MN,52,415,No,Yes,32,130.1,68,22.12,247.2,77,21.01,289.4,87,13.02,13.5,5,3.65,2
WI,73,415,No,No,0,157.1,109,26.71,268.8,83,22.85,181.5,91,8.17,10,8,2.7,0
SC,161,510,No,No,0,297.9,141,50.64,238.1,107,20.24,240.5,93,10.82,8.9,5,2.4,1
SC,88,510,No,No,0,73.3,86,12.46,161.4,82,13.72,239.6,76,10.78,8.2,3,2.21,4
HI,3,408,No,No,0,139,99,23.63,250.7,108,21.31,286.2,87,12.88,6.1,3,1.65,4
WY,160,408,No,No,0,82.7,116,14.06,194.6,95,16.54,159,54,7.15,10.9,9,2.94,0
VT,113,510,No,No,0,207.2,113,35.22,256,80,21.76,211,87,9.49,9.9,1,2.67,1
PA,79,415,No,No,0,268.3,114,45.61,185.5,111,15.77,264.6,88,11.91,6.3,7,1.7,1
DE,99,415,No,No,0,254.4,120,43.25,159.3,92,13.54,264.4,94,11.9,6,5,1.62,1
UT,201,510,No,No,0,212.7,72,36.16,225.2,90,19.14,195.1,99,8.78,7,6,1.89,1
ID,74,415,No,No,0,221.1,124,37.59,110.8,94,9.42,240.1,112,10.8,10.6,3,2.86,0
MA,34,415,No,No,0,293.7,89,49.93,272.5,71,23.16,178.2,76,8.02,11,10,2.97,2
MT,85,408,No,Yes,17,89.8,88,15.27,233.2,75,19.82,165.7,116,7.46,9.3,7,2.51,4
IA,89,415,No,Yes,35,174.4,108,29.65,196.7,100,16.72,127.4,74,5.73,11.8,3,3.19,1
WV,23,510,No,Yes,31,156.6,84,26.62,161.5,96,13.73,294.6,107,13.26,9.4,6,2.54,1
MD,67,415,No,No,0,171.7,80,29.19,110.4,81,9.38,195.4,111,8.79,11.9,4,3.21,2
MN,152,415,Yes,Yes,20,237.5,120,40.38,253.4,94,21.54,265.2,80,11.93,14.2,3,3.83,9
GA,85,510,No,No,0,222.3,132,37.79,231.5,101,19.68,223.5,75,10.06,11,2,2.97,3
AL,8,415,No,Yes,36,242.9,67,41.29,170.9,59,14.53,177.3,130,7.98,4.8,12,1.3,1
MS,64,408,Yes,No,0,236.2,77,40.15,218.6,85,18.58,194.1,97,8.73,13.2,2,3.56,2
FL,155,415,No,No,0,181.4,111,30.84,167.7,92,14.25,168.5,122,7.58,11.3,3,3.05,3
SC,77,510,No,Yes,28,135.9,117,23.1,244.5,102,20.78,207.5,74,9.34,11.5,3,3.11,4
MO,58,415,No,No,0,149.4,145,25.4,196.5,105,16.7,209.5,108,9.43,14.9,3,4.02,1
WV,143,510,No,No,0,202.8,109,34.48,165.8,104,14.09,143.9,71,6.48,4.6,4,1.24,1
AK,99,510,No,No,0,238.4,96,40.53,246.5,130,20.95,198.4,117,8.93,12.4,4,3.35,3
IA,45,415,No,No,0,211.3,87,35.92,165.7,97,14.08,265.9,72,11.97,13.3,6,3.59,1
FL,85,408,No,Yes,33,207.9,95,35.34,233.5,88,19.85,221.3,92,9.96,13.5,3,3.65,1
WV,86,415,No,Yes,38,123,158,20.91,133.9,119,11.38,138.2,103,6.22,13.3,4,3.59,1
OR,72,510,No,No,0,141.3,133,24.02,134.9,96,11.47,227.5,97,10.24,11.2,3,3.02,2
CT,87,415,No,No,0,240,83,40.8,134.1,106,11.4,189.1,84,8.51,9.3,2,2.51,0
FL,166,510,Yes,No,0,47.7,89,8.11,264.4,95,22.47,235.2,97,10.58,13.2,3,3.56,0
SC,99,415,No,Yes,33,179.1,93,30.45,238.3,102,20.26,165.7,96,7.46,10.6,1,2.86,2
AZ,127,415,No,Yes,14,143.2,99,24.34,169.9,91,14.44,221.6,77,9.97,11.6,1,3.13,1
MO,107,415,No,No,0,146.9,94,24.97,114.3,111,9.72,114.5,97,5.15,11.4,5,3.08,3
WV,121,415,No,No,0,103.3,110,17.56,129.1,82,10.97,167.1,113,7.52,10.7,3,2.89,0
OH,124,510,No,No,0,193,97,32.81,89.8,99,7.63,172.8,104,7.78,15.3,3,4.13,1
WV,62,408,No,No,0,128.7,111,21.88,169.5,104,14.41,193.6,97,8.71,10.3,5,2.78,1
OK,134,415,No,No,0,164.9,115,28.03,126.5,96,10.75,238.5,125,10.73,10,9,2.7,2
AL,172,408,No,No,0,270,102,45.9,256.6,111,21.81,168.5,104,7.58,12,5,3.24,2
WV,112,415,Yes,No,0,161.9,138,27.52,200.9,114,17.08,134,134,6.03,10.7,4,2.89,1
NH,90,415,No,Yes,42,193.3,66,32.86,263.3,85,22.38,214.4,97,9.65,11.1,4,3,0
OH,83,415,No,No,0,337.4,120,57.36,227.4,116,19.33,153.9,114,6.93,15.8,7,4.27,0
WV,161,415,No,No,0,191.9,113,32.62,70.9,87,6.03,204.8,107,9.22,13.4,4,3.62,4
WI,149,415,Yes,Yes,28,126.9,97,21.57,166.9,102,14.19,145.2,77,6.53,8.8,3,2.38,5
MD,107,415,No,No,0,294.9,71,50.13,192.8,78,16.39,148.1,87,6.66,13.2,5,3.56,1
TX,110,415,No,Yes,38,236.3,102,40.17,195.9,112,16.65,183.5,82,8.26,9.7,6,2.62,1
SD,128,510,Yes,Yes,32,223.5,81,38,188.8,74,16.05,154.9,101,6.97,9.4,2,2.54,2
KS,164,510,No,Yes,30,238.8,100,40.6,230,121,19.55,206.3,66,9.28,13.2,8,3.56,1
AL,25,408,No,No,0,264.9,80,45.03,281.2,66,23.9,166.1,80,7.47,8.4,4,2.27,1
MI,148,415,Yes,No,0,233.5,81,39.7,187.7,71,15.95,122.3,97,5.5,9.6,2,2.59,0
MA,136,408,Yes,No,0,199.6,89,33.93,211.4,96,17.97,72.4,84,3.26,11,4,2.97,3
KS,46,510,No,No,0,250.3,100,42.55,260.6,90,22.15,195,104,8.78,13.3,2,3.59,2
AL,88,415,No,No,0,181.9,90,30.92,151.5,87,12.88,143,100,6.44,7.5,3,2.03,1
GA,76,415,No,No,0,299.5,125,50.92,226.7,92,19.27,210.7,134,9.48,13.7,4,3.7,0
IN,117,415,No,No,0,118.4,126,20.13,249.3,97,21.19,227,56,10.22,13.6,3,3.67,5
MN,81,510,No,No,0,145.6,59,24.75,287.9,131,24.47,181.7,121,8.18,9.2,4,2.48,2
AZ,134,415,No,Yes,40,142.9,105,24.29,88.6,61,7.53,290,96,13.05,10.8,6,2.92,1
MA,112,415,No,Yes,17,183.2,95,31.14,252.8,125,21.49,156.7,95,7.05,9.7,3,2.62,0
SC,109,415,No,No,0,222.5,74,37.83,169.7,75,14.42,264.3,94,11.89,9,3,2.43,2
MT,78,415,No,No,0,191.7,122,32.59,241.4,88,20.52,203.5,86,9.16,9.1,5,2.46,1
AL,67,415,No,Yes,28,95,94,16.15,291.2,73,24.75,159.6,114,7.18,10,2,2.7,2
WA,97,408,No,No,0,276.1,82,46.94,201.1,106,17.09,231.3,73,10.41,8.9,4,2.4,0
ND,90,415,No,Yes,22,124.5,94,21.17,231.7,90,19.69,222.2,108,10,6.4,12,1.73,1
LA,106,408,No,No,0,220.7,120,37.52,270.2,95,22.97,121.6,113,5.47,8.7,5,2.35,1
AK,127,408,No,No,0,182.3,124,30.99,169.9,110,14.44,184,116,8.28,9.3,3,2.51,1
MI,52,415,No,No,0,204.4,97,34.75,273.2,128,23.22,179.6,118,8.08,11,5,2.97,1
MI,30,510,No,No,0,227.4,88,38.66,182.5,100,15.51,191.7,134,8.63,12.5,3,3.38,0
WV,127,510,No,No,0,224.3,112,38.13,185.7,103,15.78,159.4,83,7.17,10,1,2.7,2
MD,90,415,No,No,0,114.4,122,19.45,127.7,154,10.85,253.1,109,11.39,10.1,5,2.73,2
CT,96,415,No,Yes,37,172.7,93,29.36,120.1,116,10.21,216.1,86,9.72,10.3,5,2.78,5
MN,152,415,No,No,0,317.8,60,54.03,152.9,100,13,123.4,63,5.55,10.4,7,2.81,1
NY,31,408,No,Yes,28,171.8,116,29.21,240.7,125,20.46,245.5,80,11.05,10.6,7,2.86,1
MS,122,408,No,Yes,45,147.8,85,25.13,147.4,93,12.53,203.5,110,9.16,14,5,3.78,1
FL,105,415,No,No,0,273.8,97,46.55,289.7,106,24.62,269.1,126,12.11,5.8,3,1.57,2
AZ,138,415,No,No,0,240.8,104,40.94,144.5,92,12.28,125.7,98,5.66,11.6,1,3.13,0
TN,123,415,No,No,0,166.9,98,28.37,221.8,77,18.85,243.9,114,10.98,12.8,4,3.46,3
ID,79,510,No,Yes,21,264.3,79,44.93,202.8,118,17.24,173.4,92,7.8,6.3,3,1.7,4
ND,68,408,No,No,0,219.6,97,37.33,141.1,144,11.99,205.7,101,9.26,10.8,4,2.92,2
DC,114,415,No,No,0,147.1,119,25.01,161,111,13.69,275.9,106,12.42,9,3,2.43,5
PA,119,408,No,No,0,260.1,101,44.22,256.5,68,21.8,229.1,89,10.31,10,2,2.7,1
HI,148,510,Yes,No,0,218.9,88,37.21,208,85,17.68,203.3,99,9.15,11.1,4,3,0
DC,68,415,Yes,Yes,39,142,140,24.14,241.6,89,20.54,302,72,13.59,11.3,5,3.05,1
IA,44,415,No,No,0,308.6,139,52.46,150.8,94,12.82,198.7,66,8.94,7.3,3,1.97,4
NH,148,408,No,No,0,17.6,121,2.99,161.7,125,13.74,203.1,82,9.14,10.6,6,2.86,1
PA,119,408,No,No,0,287.1,115,48.81,159.3,99,13.54,216.8,86,9.76,13.9,1,3.75,2
NH,125,415,Yes,No,0,298.4,78,50.73,270.5,142,22.99,107.3,84,4.83,12.2,2,3.29,0
IL,151,408,No,No,0,175.3,106,29.8,144.3,87,12.27,160.2,88,7.21,11.8,5,3.19,0
VA,74,408,No,No,0,165.3,120,28.1,198.5,106,16.87,208.5,102,9.38,9.8,3,2.65,1
MA,102,510,Yes,No,0,233.8,103,39.75,221.6,131,18.84,146.9,106,6.61,12.8,3,3.46,0
HI,86,408,No,Yes,21,197.9,99,33.64,165.6,100,14.08,208,120,9.36,10.1,9,2.73,0
MD,79,510,No,Yes,31,103.1,90,17.53,243,135,20.66,76.4,92,3.44,12.2,8,3.29,3
NV,129,415,No,No,0,150,98,25.5,232.4,101,19.75,261.2,123,11.75,12.5,6,3.38,1
WV,30,510,No,No,0,162.3,96,27.59,244,122,20.74,180.1,89,8.1,9.1,4,2.46,2
NJ,111,510,No,No,0,176.9,128,30.07,102.8,56,8.74,213.7,84,9.62,10.5,2,2.84,4
CT,144,510,Yes,Yes,35,174.8,127,29.72,219.6,93,18.67,255.8,90,11.51,12.8,3,3.46,0
WY,58,510,No,No,0,210.1,126,35.72,248.9,108,21.16,158.6,88,7.14,14.4,2,3.89,4
KS,57,415,No,No,0,158.1,117,26.88,115.2,149,9.79,182.4,92,8.21,11.8,7,3.19,0
NC,64,510,Yes,Yes,33,127.2,93,21.62,162.9,104,13.85,247.4,109,11.13,8.1,13,2.19,0
IN,101,415,No,Yes,42,209.2,82,35.56,159.7,74,13.57,181.6,100,8.17,9.5,3,2.57,0
ID,169,415,No,No,0,235.7,79,40.07,136.9,85,11.64,220.9,97,9.94,13.3,10,3.59,1
IN,129,415,No,No,0,137.8,120,23.43,225.8,110,19.19,145.2,95,6.53,10.2,6,2.75,1
IA,126,408,No,Yes,27,186.2,78,31.65,189.6,83,16.12,76.5,139,3.44,9.6,3,2.59,2
NJ,138,408,No,No,0,241.8,93,41.11,170.5,83,14.49,295.3,104,13.29,11.8,7,3.19,3
CT,50,408,No,No,0,301.7,82,51.29,167.1,118,14.2,72.2,89,3.25,10.5,6,2.84,1
MT,60,415,No,No,0,145,133,24.65,209.1,92,17.77,328.5,112,14.78,14.6,2,3.94,1
MA,128,415,No,No,0,195.6,99,33.25,267.8,120,22.76,164.9,76,7.42,16,2,4.32,0
VT,99,415,No,No,0,115.5,75,19.64,218.1,111,18.54,254.9,98,11.47,11.5,7,3.11,7
CT,115,415,No,No,0,245,97,41.65,250.7,75,21.31,270.2,124,12.16,13.7,8,3.7,1
IN,88,415,Yes,Yes,25,288.5,114,49.05,203.4,74,17.29,228.4,117,10.28,13,5,3.51,1
TX,32,408,No,No,0,157.9,88,26.84,180.8,132,15.37,132.5,102,5.96,12.8,3,3.46,1
MA,62,415,Yes,No,0,159.7,86,27.15,197.5,76,16.79,121.6,105,5.47,13.9,6,3.75,0
MD,135,408,Yes,Yes,41,173.1,85,29.43,203.9,107,17.33,122.2,78,5.5,14.6,15,3.94,0
CT,112,415,No,Yes,27,213,121,36.21,226.2,101,19.23,189.8,99,8.54,11.1,3,3,4
CT,162,408,No,No,0,49.2,121,8.36,143.9,136,12.23,203,97,9.14,12.1,13,3.27,1
SD,128,415,No,No,0,247.3,91,42.04,182.7,60,15.53,143.2,112,6.44,14.7,2,3.97,3
SD,137,510,No,No,0,242.1,118,41.16,191,93,16.24,218.6,50,9.84,14.7,2,3.97,3
FL,91,510,No,No,0,203.1,106,34.53,210.1,113,17.86,195.6,129,8.8,12,3,3.24,3
VA,121,415,No,No,0,134.1,112,22.8,195.1,104,16.58,159.6,139,7.18,10.5,2,2.84,2
CO,81,408,No,No,0,115.3,99,19.6,224.7,117,19.1,152.5,98,6.86,18,2,4.86,1
IA,79,415,No,Yes,17,167.9,114,28.54,243.7,93,20.71,211.9,114,9.54,9.1,2,2.46,1
MI,91,408,No,No,0,134.7,116,22.9,295.3,98,25.1,195.5,121,8.8,6.6,5,1.78,2
DC,76,415,No,No,0,224.4,121,38.15,147.9,97,12.57,183.8,74,8.27,6.7,2,1.81,2
UT,68,415,No,No,0,162.1,86,27.56,155,86,13.18,189.7,87,8.54,11,9,2.97,5
TX,90,415,No,No,0,109.6,88,18.63,137.6,108,11.7,159.7,121,7.19,11,5,2.97,2
IN,101,415,No,Yes,33,219.7,137,37.35,186.8,94,15.88,184.5,113,8.3,9.5,2,2.57,2
SC,108,510,No,No,0,187.4,101,31.86,199.9,126,16.99,216.1,107,9.72,12.6,8,3.4,1
WA,167,415,No,No,0,169.2,124,28.76,173.3,108,14.73,216.5,64,9.74,12.4,4,3.35,4
WV,115,510,Yes,No,0,249.9,95,42.48,242.5,104,20.61,151.7,121,6.83,15.3,6,4.13,1
WV,145,408,No,Yes,31,216,94,36.72,225.1,123,19.13,234.7,109,10.56,10.7,1,2.89,2
UT,91,415,No,Yes,34,175.3,96,29.8,262.3,122,22.3,143.9,76,6.48,5.6,11,1.51,1
NJ,96,510,No,No,0,150,122,25.5,218.5,116,18.57,212.4,89,9.56,9.8,1,2.65,3
GA,117,510,No,No,0,149.9,95,25.48,256.1,110,21.77,212.7,92,9.57,13.3,13,3.59,2
WA,76,510,Yes,No,0,246.8,110,41.96,206.3,63,17.54,208.4,123,9.38,13.2,5,3.56,0
IN,100,510,No,No,0,216.2,107,36.75,215.6,84,18.33,138.4,127,6.23,10.2,3,2.75,0
GA,160,415,No,Yes,29,164.6,121,27.98,262.8,108,22.34,123.8,131,5.57,15.2,4,4.1,1
NE,74,415,No,Yes,25,194.6,84,33.08,119.9,103,10.19,175.5,75,7.9,13.1,2,3.54,2
MD,61,415,No,No,0,260,123,44.2,210.5,127,17.89,234.7,70,10.56,9,3,2.43,1
NV,113,510,No,No,0,245.3,108,41.7,259.9,140,22.09,204.3,115,9.19,10.7,2,2.89,3
KY,98,415,No,Yes,36,168,81,28.56,163.2,125,13.87,172.7,120,7.77,8,2,2.16,6
WY,87,415,No,No,0,151,83,25.67,219.7,116,18.67,203.9,127,9.18,9.7,3,2.62,5
OH,100,510,No,No,0,278,76,47.26,176.7,74,15.02,219.5,126,9.88,8.3,4,2.24,0
RI,125,408,No,No,0,113,108,19.21,169.2,107,14.38,156.6,61,7.05,9.2,5,2.48,2
CT,77,415,No,No,0,245.2,87,41.68,254.1,83,21.6,239.4,91,10.77,7.5,4,2.03,0
OK,146,510,No,No,0,138.4,104,23.53,158.9,122,13.51,47.4,73,2.13,3.9,9,1.05,4
SD,145,408,No,Yes,24,147.5,90,25.08,175.7,108,14.93,252.1,102,11.34,15.6,3,4.21,2
WV,85,408,No,No,0,225,81,38.25,176.9,63,15.04,194.3,110,8.74,7.1,2,1.92,3
AR,80,415,No,No,0,124.3,100,21.13,173,107,14.71,253.2,62,11.39,7.9,9,2.13,1
KS,47,510,Yes,No,0,47.8,120,8.13,178.9,123,15.21,152.6,96,6.87,13.3,7,3.59,0
LA,91,408,No,No,0,147.2,121,25.02,175.2,87,14.89,136.3,80,6.13,13.3,3,3.59,2
AL,61,415,No,Yes,20,254.4,133,43.25,161.7,96,13.74,251.4,91,11.31,10.5,4,2.84,0
WI,95,408,No,No,0,237.3,83,40.34,154,65,13.09,237,105,10.67,11.2,6,3.02,1
PA,106,408,Yes,No,0,133.7,45,22.73,187.8,107,15.96,181.9,89,8.19,10.7,2,2.89,1
KS,126,408,No,No,0,321.3,99,54.62,167.9,93,14.27,193.6,106,8.71,8,4,2.16,1
NJ,106,415,No,No,0,207.9,91,35.34,172,109,14.62,191.8,143,8.63,14.4,7,3.89,4
OH,133,408,Yes,No,0,254.7,103,43.3,252.2,80,21.44,178.1,103,8.01,8,3,2.16,0
IL,148,408,No,Yes,25,230.7,102,39.22,233.8,109,19.87,215.8,90,9.71,13.5,2,3.65,3
AK,126,415,No,No,0,58.2,94,9.89,138.7,118,11.79,136.8,91,6.16,11.9,1,3.21,5
MA,127,408,Yes,No,0,176.9,110,30.07,167.9,100,14.27,182.2,138,8.2,7.7,2,2.08,1
ND,148,415,Yes,No,0,218.7,111,37.18,155.6,133,13.23,277.4,62,12.48,8.2,5,2.21,1
MN,61,415,No,No,0,197.3,67,33.54,264.5,106,22.48,210.5,116,9.47,9,6,2.43,1
MI,133,408,No,No,0,277.3,138,47.14,228.4,117,19.41,117.3,103,5.28,12.8,4,3.46,2
TN,80,415,Yes,No,0,276.5,122,47.01,195.6,79,16.63,210.3,78,9.46,7.2,3,1.94,1
NY,46,415,No,No,0,122.2,67,20.77,167.2,62,14.21,194.8,98,8.77,9.7,6,2.62,1
SC,99,510,Yes,Yes,39,126.8,94,21.56,293.6,115,24.96,174.1,91,7.83,8.4,4,2.27,0
SC,111,415,No,Yes,21,127.1,94,21.61,228.3,116,19.41,166.7,108,7.5,7.1,3,1.92,1
MA,132,415,No,No,0,117.6,66,19.99,214,108,18.19,239.5,94,10.78,8.8,5,2.38,1
WI,165,510,No,No,0,154.2,91,26.21,268.6,108,22.83,188.8,99,8.5,10.9,4,2.94,6
ME,177,415,No,No,0,232.8,106,39.58,175.2,97,14.89,212.2,77,9.55,12.5,7,3.38,2
OR,140,415,No,No,0,120.3,108,20.45,240.4,84,20.43,216.4,74,9.74,7.7,3,2.08,4
OR,129,408,No,No,0,98,99,16.66,240.7,62,20.46,254.8,123,11.47,10.5,4,2.84,0
AL,95,415,No,No,0,194.6,114,33.08,232.8,106,19.79,173.4,92,7.8,3.8,2,1.03,3
WV,124,415,No,No,0,157.4,107,26.76,167.8,112,14.26,188.8,102,8.5,8.8,3,2.38,3
PA,91,510,No,No,0,231.8,120,39.41,150.6,106,12.8,269.2,129,12.11,11.6,7,3.13,3
AL,112,510,No,No,0,189.4,83,32.2,219,89,18.62,168,116,7.56,7.1,8,1.92,3
AR,98,415,No,No,0,227.1,116,38.61,120.5,103,10.24,117,102,5.27,4.7,4,1.27,5
TX,106,510,No,No,0,210.6,96,35.8,249.2,85,21.18,191.4,88,8.61,12.4,1,3.35,2
OR,124,510,No,No,0,169.3,108,28.78,178.6,91,15.18,242.3,82,10.9,12.2,3,3.29,1
AR,115,415,No,No,0,139.3,89,23.68,192.3,95,16.35,151,75,6.8,9.3,3,2.51,7
TX,50,408,No,Yes,31,302.7,93,51.46,240.5,119,20.44,193.9,103,8.73,13.6,14,3.67,3
NH,97,408,No,Yes,32,90,87,15.3,276.3,113,23.49,185.2,107,8.33,8.6,6,2.32,2
WI,161,408,No,No,0,154.7,84,26.3,177.8,125,15.11,172.9,90,7.78,5.9,2,1.59,4
MO,92,415,No,No,0,154,122,26.18,329.8,88,28.03,288,117,12.96,5.6,2,1.51,3
AK,115,415,No,No,0,245.2,105,41.68,159,109,13.52,229.9,74,10.35,7.2,8,1.94,0
MO,138,415,No,Yes,29,190.1,87,32.32,223.2,123,18.97,256.2,130,11.53,14.2,6,3.83,0
OK,101,408,No,No,0,89.7,118,15.25,260.1,79,22.11,170.1,93,7.65,13.5,11,3.65,5
CT,63,408,No,Yes,25,190,137,32.3,116.6,76,9.91,141.5,110,6.37,12.2,2,3.29,1
SC,112,415,No,No,0,266,97,45.22,214.6,94,18.24,306.2,100,13.78,14.2,2,3.83,2
CT,74,510,No,No,0,203.8,77,34.65,205.1,111,17.43,154.9,109,6.97,9,2,2.43,1
MS,120,408,No,No,0,212.1,131,36.06,209.4,104,17.8,167.2,96,7.52,5.3,5,1.43,1
MT,185,408,No,Yes,29,151.1,121,25.69,244.7,88,20.8,154.4,91,6.95,13.8,2,3.73,2
NY,54,415,No,No,0,286.6,73,48.72,223.2,108,18.97,203.7,107,9.17,11.5,5,3.11,1
AL,100,415,No,No,0,160.3,138,27.25,221.3,92,18.81,150.4,120,6.77,11.2,2,3.02,0
OR,53,408,No,No,0,261.2,119,44.4,250.8,105,21.32,176,112,7.92,9.8,2,2.65,0
DE,103,415,No,Yes,34,138.8,80,23.6,142,108,12.07,183.8,77,8.27,11.8,7,3.19,1
MI,51,415,No,No,0,229.7,129,39.05,336,104,28.56,192.8,128,8.68,9.6,1,2.59,1
AR,145,415,No,No,0,224.2,89,38.11,314.9,121,26.77,182.9,121,8.23,16.1,3,4.35,1
WA,29,415,No,No,0,157.4,122,26.76,145,75,12.33,281.8,92,12.68,9.3,2,2.51,1
AL,85,415,No,No,0,210.3,66,35.75,195.8,76,16.64,221.6,82,9.97,11.2,7,3.02,1
WV,92,415,No,Yes,47,141.6,95,24.07,207.9,130,17.67,203.6,95,9.16,10.2,11,2.75,0
MD,111,510,No,No,0,123.1,88,20.93,213.9,84,18.18,184.9,88,8.32,12,2,3.24,5
UT,85,510,No,No,0,212.3,107,36.09,228.4,103,19.41,163.3,116,7.35,7.7,3,2.08,0
OK,101,415,No,No,0,269.7,85,45.85,207.6,86,17.65,214.2,107,9.64,4.5,15,1.22,3
WA,90,415,Yes,No,0,148.2,96,25.19,220.4,111,18.73,134.2,97,6.04,9.2,1,2.48,4
WY,54,408,No,Yes,39,143.9,73,24.46,210.3,117,17.88,129.2,117,5.81,12.5,8,3.38,2
WA,152,510,No,No,0,161.4,84,27.44,163.6,88,13.91,153.2,121,6.89,11.8,5,3.19,1
VT,73,415,No,No,0,217.8,91,37.03,220.6,97,18.75,277.3,89,12.48,10.3,6,2.78,1
MN,92,510,No,No,0,212.4,105,36.11,224.6,118,19.09,221.3,105,9.96,9,4,2.43,1
AL,55,415,Yes,No,0,191.9,91,32.62,256.1,110,21.77,203.7,101,9.17,14.3,6,3.86,1
KS,170,415,No,Yes,42,199.5,119,33.92,135,90,11.48,184.6,49,8.31,10.9,3,2.94,4
FL,93,415,No,No,0,151.4,89,25.74,186.4,76,15.84,172.5,120,7.76,10.9,3,2.94,0
SC,121,415,No,No,0,144.8,126,24.62,200.6,82,17.05,208.8,81,9.4,13.3,9,3.59,0
MO,112,415,No,No,0,335.5,77,57.04,212.5,109,18.06,265,132,11.93,12.7,8,3.43,2
WI,89,415,No,No,0,326.3,112,55.47,165.1,110,14.03,162.9,97,7.33,7.5,1,2.03,1
MT,109,510,No,No,0,154.8,82,26.32,287.7,109,24.45,208.4,80,9.38,5.9,9,1.59,3
DE,138,510,Yes,No,0,46.5,104,7.91,186,114,15.81,167.5,95,7.54,9.6,4,2.59,4
NY,171,415,No,No,0,137.5,110,23.38,198.1,109,16.84,292.7,131,13.17,13.3,5,3.59,2
NC,58,510,No,No,0,112.2,95,19.07,209.6,108,17.82,260.9,78,11.74,13.9,1,3.75,0
OH,68,415,Yes,Yes,24,125.7,92,21.37,275.9,98,23.45,214.5,108,9.65,14.2,6,3.83,3
TX,201,415,No,No,0,225.9,110,38.4,299.1,86,25.42,251.3,81,11.31,11.2,4,3.02,1
AK,111,415,No,No,0,172.8,58,29.38,183.1,108,15.56,158.8,104,7.15,7.9,3,2.13,4
CT,64,415,Yes,No,0,225.3,134,38.3,108.2,87,9.2,139.6,132,6.28,17.3,9,4.67,1
MS,86,510,No,Yes,39,261.2,122,44.4,214.2,101,18.21,154.9,101,6.97,12.7,5,3.43,2
WY,134,510,No,No,0,296,93,50.32,226.4,117,19.24,246.8,98,11.11,12.3,10,3.32,0
MD,73,510,No,No,0,254.7,80,43.3,90.2,79,7.67,153.4,60,6.9,10.6,8,2.86,0
DC,139,510,No,No,0,203.2,81,34.54,152.5,99,12.96,197.8,76,8.9,9.7,3,2.62,2
PA,92,415,Yes,No,0,255.8,125,43.49,142.7,111,12.13,181.2,101,8.15,11.7,3,3.16,0
WV,72,510,No,Yes,33,96.6,59,16.42,315.4,98,26.81,163.3,117,7.35,6.2,4,1.67,4
IN,130,408,No,No,0,115.6,129,19.65,167.8,104,14.26,141.8,124,6.38,12.6,9,3.4,1
ID,86,415,No,No,0,194.2,98,33.01,193.8,95,16.47,192,123,8.64,9.3,7,2.51,3
RI,143,408,No,No,0,167.8,72,28.53,211,99,17.94,153.5,109,6.91,10.5,6,2.84,4
ID,193,415,No,No,0,96.8,92,16.46,142.6,103,12.12,210.1,115,9.45,10.9,5,2.94,2
NE,67,510,No,Yes,31,175.2,68,29.78,199.2,73,16.93,219.8,99,9.89,13.2,6,3.56,1
IA,143,510,No,Yes,33,141.4,130,24.04,186.4,114,15.84,210,111,9.45,7.7,6,2.08,1
IA,81,510,No,No,0,261.4,141,44.44,215.7,102,18.33,271.8,96,12.23,8,6,2.16,1
NC,182,415,No,No,0,279.5,118,47.52,203.2,113,17.27,174.2,101,7.84,10.7,4,2.89,2
MN,139,510,No,No,0,134.4,106,22.85,211.3,98,17.96,193.6,125,8.71,10.2,2,2.75,5
DC,180,415,No,Yes,33,231.8,78,39.41,232.9,79,19.8,206.9,121,9.31,7.6,4,2.05,1
NY,77,415,No,Yes,33,143,101,24.31,212.2,102,18.04,104.9,120,4.72,15.3,4,4.13,5
CO,128,510,No,No,0,199.3,86,33.88,194.8,102,16.56,298.2,82,13.42,14.3,2,3.86,4
MD,102,415,No,No,0,271.1,80,46.09,172,133,14.62,169.2,105,7.61,10.3,5,2.78,1
ID,88,415,No,No,0,55.6,65,9.45,242.7,121,20.63,176.3,134,7.93,11.3,4,3.05,0
TX,1,415,No,No,0,182.1,106,30.96,134.9,106,11.47,152.3,75,6.85,10,3,2.7,5
AK,51,510,Yes,Yes,12,135.8,60,23.09,200.6,134,17.05,192.4,98,8.66,12.3,7,3.32,2
VA,150,510,No,No,0,169.2,123,28.76,216.8,83,18.43,179.4,107,8.07,12.6,3,3.4,1
MO,160,415,No,No,0,171.2,103,29.1,243.5,121,20.7,178.2,92,8.02,13,3,3.51,2
ME,131,510,Yes,Yes,26,292.9,101,49.79,199.7,97,16.97,255.3,127,11.49,13.8,7,3.73,4
IN,113,415,No,No,0,209.4,151,35.6,347.3,113,29.52,246,116,11.07,7.4,2,2,1
TX,50,510,No,No,0,188.9,94,32.11,203.9,104,17.33,151.8,124,6.83,11.6,8,3.13,3
VT,117,408,Yes,No,0,167.1,86,28.41,177.5,87,15.09,249.4,132,11.22,14.1,7,3.81,2
VT,95,510,Yes,Yes,41,136.8,91,23.26,200.8,61,17.07,133.7,67,6.02,10.3,9,2.78,5
SD,64,415,No,No,0,174.5,98,29.67,180.2,103,15.32,179,89,8.06,10.7,2,2.89,2
OR,89,415,No,No,0,111.2,101,18.9,122.1,94,10.38,180.8,85,8.14,12.6,2,3.4,3
RI,39,408,No,No,0,93.3,83,15.86,199.6,114,16.97,206.2,104,9.28,6.5,4,1.76,0
PA,53,415,No,No,0,205.1,86,34.87,160.5,95,13.64,149.5,142,6.73,10.7,2,2.89,3
PA,140,408,No,No,0,112.8,89,19.18,156.7,65,13.32,249.6,85,11.23,16.3,6,4.4,0
VA,99,415,No,Yes,42,216,125,36.72,232.3,104,19.75,215.5,100,9.7,9.3,4,2.51,2
NY,144,408,No,No,0,61.6,117,10.47,77.1,85,6.55,173,99,7.79,8.2,7,2.21,4
ND,27,415,No,No,0,227.4,67,38.66,248,115,21.08,61.4,109,2.76,7.8,6,2.11,1
OH,135,415,No,No,0,218.8,123,37.2,242.8,64,20.64,85.8,80,3.86,10.3,3,2.78,4
WA,174,408,No,Yes,33,167.8,91,28.53,205.3,91,17.45,130,132,5.85,14.5,4,3.92,4
AZ,88,415,No,No,0,172.8,81,29.38,193.4,90,16.44,89.6,107,4.03,12.8,5,3.46,2
NV,105,415,Yes,Yes,29,220.7,82,37.52,217.7,110,18.5,190.5,100,8.57,13.2,6,3.56,1
OR,159,510,No,No,0,114.8,98,19.52,192.6,101,16.37,259,108,11.66,12.2,5,3.29,0
SC,78,415,No,Yes,21,160.6,85,27.3,223.1,79,18.96,124,92,5.58,9.5,1,2.57,2
TN,112,415,No,No,0,272.5,119,46.33,226.1,94,19.22,159.1,94,7.16,16.4,5,4.43,3
WA,78,408,No,No,0,140.7,77,23.92,195.2,114,16.59,252.9,107,11.38,11.7,5,3.16,0
NH,115,510,No,No,0,109.7,148,18.65,223.8,87,19.02,240.3,96,10.81,15.4,8,4.16,3
MA,58,408,No,No,0,174.4,112,29.65,265.8,122,22.59,182.4,87,8.21,0,0,0,4
ND,79,408,No,No,0,205.7,123,34.97,214.5,108,18.23,226.1,106,10.17,6.7,18,1.81,1
ID,119,415,No,No,0,159.1,114,27.05,231.3,117,19.66,143.2,91,6.44,8.8,3,2.38,5
ID,114,408,No,Yes,19,154.6,100,26.28,241.6,109,20.54,160,112,7.2,12.6,1,3.4,3
OR,99,408,No,No,0,256.4,44,43.59,214.5,105,18.23,233.7,75,10.52,7.9,1,2.13,3
VT,120,415,No,No,0,149.2,98,25.36,193.6,88,16.46,248.9,119,11.2,11.1,5,3,1
CT,119,408,No,No,0,294.2,100,50.01,232.5,53,19.76,195,64,8.78,9,1,2.43,0
NV,94,408,Yes,No,0,89.5,94,15.22,339.9,106,28.89,172.9,76,7.78,7.9,1,2.13,1
GA,128,408,Yes,Yes,18,222.1,89,37.76,160.6,109,13.65,218.8,102,9.85,13.6,2,3.67,0
NY,91,415,No,Yes,20,146.1,98,24.84,277.4,104,23.58,137.7,100,6.2,6.2,3,1.67,1
TX,169,408,No,No,0,266.7,105,45.34,158.2,88,13.45,287.7,111,12.95,13.8,3,3.73,3
CT,22,408,No,No,0,207.7,116,35.31,210.6,99,17.9,238.2,88,10.72,9.6,5,2.59,0
MA,71,510,No,No,0,290.4,108,49.37,253.9,92,21.58,263.3,126,11.85,10.1,5,2.73,3
MI,108,408,Yes,No,0,115.1,114,19.57,211.3,70,17.96,136.1,85,6.12,13.8,3,3.73,2
NJ,64,510,No,No,0,162.6,83,27.64,152.3,109,12.95,57.5,122,2.59,14.2,3,3.83,1
PA,65,415,No,Yes,23,224.2,106,38.11,189.6,100,16.12,222.8,75,10.03,9.8,4,2.65,0
WV,63,510,No,No,0,261.8,69,44.51,245,135,20.83,202.1,94,9.09,14.7,4,3.97,0
VA,146,415,No,No,0,205.4,101,34.92,134.9,77,11.47,310.5,83,13.97,10.3,2,2.78,3
MO,85,510,No,No,0,165.8,96,28.19,190,141,16.15,144,116,6.48,10.9,3,2.94,5
DE,122,510,No,No,0,157.1,134,26.71,184.9,122,15.72,197.2,59,8.87,8.5,5,2.3,4
CT,147,415,No,No,0,124.4,74,21.15,320.9,78,27.28,157.2,126,7.07,10.4,4,2.81,2
TX,64,415,No,No,0,168,116,28.56,192.4,94,16.35,166.5,98,7.49,10.1,3,2.73,2
UT,111,510,No,No,0,191.3,80,32.52,138.5,94,11.77,246,107,11.07,6.4,3,1.73,2
MD,154,510,No,No,0,154.5,122,26.27,214.2,71,18.21,178,105,8.01,12,2,3.24,3
NH,130,408,No,No,0,68.4,86,11.63,193.3,110,16.43,171.5,139,7.72,10.4,4,2.81,0
NJ,64,415,No,No,0,224.8,111,38.22,190,101,16.15,221.4,110,9.96,9.2,2,2.48,1
OR,51,510,No,No,0,51.8,107,8.81,230.2,104,19.57,227.5,118,10.24,10.4,4,2.81,2
MA,105,415,No,Yes,21,147,112,24.99,197.3,43,16.77,267.4,93,12.03,8.7,3,2.35,2
MA,79,415,No,No,0,156.9,109,26.67,122.2,87,10.39,189.1,103,8.51,11.3,5,3.05,3
NV,116,408,No,No,0,110.9,54,18.85,213.4,82,18.14,186.2,116,8.38,7.9,2,2.13,2
SC,108,415,No,No,0,112,105,19.04,193.7,110,16.46,208.9,93,9.4,4.1,4,1.11,4
WA,120,408,No,Yes,28,215.8,123,36.69,285.2,76,24.24,192.1,78,8.64,6.9,3,1.86,1
OR,149,415,Yes,No,0,176.2,87,29.95,145,81,12.33,249.5,92,11.23,5.7,4,1.54,0
TN,69,510,No,No,0,195.3,70,33.2,216.7,108,18.42,259.9,119,11.7,12.5,4,3.38,3
MN,113,408,No,No,0,158.9,137,27.01,242.8,109,20.64,247.8,97,11.15,6.5,4,1.76,0
ME,80,408,No,No,0,322.3,113,54.79,222,95,18.87,162.8,123,7.33,6.7,8,1.81,0
LA,43,415,No,No,0,241.9,101,41.12,129.4,121,11,264.8,104,11.92,5.9,3,1.59,1
NE,131,408,No,Yes,36,214.2,115,36.41,161.7,117,13.74,264.7,102,11.91,9.5,4,2.57,3
WV,92,510,No,Yes,16,184,99,31.28,76.4,134,6.49,185.1,96,8.33,12.7,3,3.43,2
TX,119,510,No,No,0,81.9,75,13.92,253.8,114,21.57,213.1,125,9.59,8.9,1,2.4,2
TX,38,510,No,No,0,149,92,25.33,49.2,78,4.18,163.3,93,7.35,13.9,11,3.75,0
ME,174,415,No,No,0,190.3,98,32.35,252.7,70,21.48,220.6,97,9.93,7.2,9,1.94,2
NV,160,415,No,No,0,176.2,90,29.95,196,115,16.66,263.9,95,11.88,9.2,4,2.48,1
TX,208,510,No,No,0,326.5,67,55.51,176.3,113,14.99,181.7,102,8.18,10.7,6,2.89,2
UT,161,510,Yes,No,0,194.2,106,33.01,249.4,105,21.2,254.9,129,11.47,12.9,1,3.48,1
NJ,162,408,No,No,0,217.6,87,36.99,279,71,23.72,250.7,65,11.28,10.4,4,2.81,2
SD,91,415,No,No,0,153,123,26.01,141.1,127,11.99,171.5,76,7.72,10.3,15,2.78,1
ID,119,415,Yes,Yes,32,173,101,29.41,209.4,93,17.8,231.1,91,10.4,12.2,4,3.29,0
ND,84,415,No,Yes,33,159.1,106,27.05,149.8,101,12.73,213.4,108,9.6,13,18,3.51,1
AZ,72,510,No,No,0,272.4,88,46.31,107.9,125,9.17,185.5,81,8.35,12.7,2,3.43,0
ME,23,510,No,No,0,113.1,74,19.23,168.8,95,14.35,262.9,126,11.83,6.9,2,1.86,1
HI,101,415,No,Yes,24,114.1,95,19.4,161.5,86,13.73,176.3,90,7.93,13,9,3.51,2
ND,59,510,No,No,0,179.4,80,30.5,232.5,99,19.76,175.8,105,7.91,14.7,3,3.97,0
DC,24,408,No,No,0,149,73,25.33,131,81,11.14,238.6,69,10.74,8.6,3,2.32,2
CT,37,408,No,No,0,134.9,98,22.93,248.4,130,21.11,236.2,113,10.63,14.7,2,3.97,3
AR,99,510,Yes,No,0,242.3,102,41.19,350.9,102,29.83,163.1,93,7.34,11.3,3,3.05,0
HI,99,415,No,No,0,62.9,81,10.69,231,64,19.64,168.9,121,7.6,8.5,5,2.3,1
GA,160,415,No,No,0,174.3,105,29.63,171.3,107,14.56,220.8,131,9.94,8.3,2,2.24,0
RI,56,415,No,No,0,226,112,38.42,248.5,118,21.12,140.5,142,6.32,6.9,11,1.86,1
CO,77,408,No,No,0,62.4,89,10.61,169.9,121,14.44,209.6,64,9.43,5.7,6,1.54,5
NH,60,415,No,No,0,180.3,67,30.65,208,68,17.68,181.2,101,8.15,12.8,6,3.46,2
KY,172,415,No,No,0,172.5,85,29.33,253.1,71,21.51,221.6,113,9.97,5.9,6,1.59,0
IN,110,415,No,No,0,151.8,106,25.81,138,126,11.73,233.5,112,10.51,11.2,8,3.02,3
NY,112,408,No,Yes,30,60.6,113,10.3,165.9,96,14.1,132.8,99,5.98,13.3,7,3.59,0
MA,40,408,No,Yes,31,224.7,69,38.2,134.5,81,11.43,120.3,104,5.41,7.5,5,2.03,1
PA,97,510,Yes,No,0,145,103,24.65,294.3,93,25.02,239.8,120,10.79,11,2,2.97,4
NY,161,415,No,No,0,332.9,67,56.59,317.8,97,27.01,160.6,128,7.23,5.4,9,1.46,4
NJ,93,415,Yes,Yes,20,187.5,110,31.88,169.8,94,14.43,175.3,127,7.89,12.1,4,3.27,1
OR,80,415,No,No,0,113.2,86,19.24,185.5,97,15.77,237.3,145,10.68,9.5,5,2.57,1
WV,133,510,No,No,0,176.8,92,30.06,187.5,97,15.94,196.8,88,8.86,6.5,3,1.76,2
GA,64,408,No,No,0,124.1,117,21.1,192.8,108,16.39,162.9,84,7.33,6.4,5,1.73,3
AL,125,408,No,No,0,169.3,90,28.78,156,138,13.26,210.8,106,9.49,11.6,6,3.13,2
DE,51,415,Yes,No,0,153.6,108,26.11,232.9,85,19.8,214.2,92,9.64,14.1,4,3.81,0
KY,57,415,No,Yes,29,279.9,121,47.58,223.1,109,18.96,251.7,94,11.33,13,2,3.51,1
PA,75,510,No,No,0,109,88,18.53,259.3,120,22.04,182.1,119,8.19,13.3,3,3.59,4
CT,160,415,No,No,0,234.9,136,39.93,270.8,134,23.02,219.3,101,9.87,13.9,2,3.75,1
WY,111,415,No,No,0,146.2,55,24.85,261.5,83,22.23,163.2,116,7.34,8.7,3,2.35,3
KS,131,415,No,Yes,28,249.6,87,42.43,227.2,138,19.31,239.9,92,10.8,7.6,3,2.05,3
IL,16,415,Yes,No,0,110,91,18.7,147.3,75,12.52,190.5,73,8.57,6.4,7,1.73,0
WA,60,415,Yes,No,0,205.9,97,35,277.4,117,23.58,202,139,9.09,11,2,2.97,0
DE,224,510,Yes,No,0,171.5,99,29.16,160,103,13.6,212.4,102,9.56,5,2,1.35,1
WY,122,415,No,No,0,119.3,93,20.28,223.9,103,19.03,211.9,122,9.54,8.7,4,2.35,2
MI,53,415,No,No,0,57.5,95,9.78,265.5,131,22.57,244.3,128,10.99,11.6,6,3.13,3
OH,123,408,No,Yes,39,270.4,99,45.97,245.1,110,20.83,108.9,113,4.9,15.4,7,4.16,1
WI,153,510,No,No,0,159.5,103,27.12,275.5,90,23.42,176.7,126,7.95,10.1,2,2.73,1
MI,134,415,No,Yes,41,162,82,27.54,324.7,77,27.6,160.1,112,7.2,11.9,5,3.21,0
NJ,131,415,No,No,0,211.8,115,36.01,260.5,102,22.14,144.2,96,6.49,10.8,7,2.92,0
UT,133,408,No,Yes,44,174,80,29.58,209.4,113,17.8,224.1,87,10.08,14.1,7,3.81,2
AR,118,415,No,No,0,267.8,145,45.53,316.4,121,26.89,208.6,91,9.39,14.4,11,3.89,5
CO,121,408,Yes,No,0,167.7,94,28.51,93.7,121,7.96,241.3,115,10.86,13.4,1,3.62,3
