84930,1204.448,508.7883,213.0266,85665,328.8407,0.9081,0.9914,0.5482,0.7357,2.3884,0.6463
55723,941.402,388.8176,182.9275,56225,266.362,0.8824,0.9911,0.5919,0.7901,2.1255,0.6851
74525,1153.205,478.0779,200.0458,76573,308.0392,0.9082,0.9733,0.5578,0.7042,2.3898,0.6443
96357,1250.211,512.6364,240.1253,97308,350.265,0.8835,0.9902,0.7325,0.7747,2.1349,0.6833
67306,998.616,375.0199,229.2614,68240,292.7399,0.7914,0.9863,0.6897,0.8481,1.6358,0.7806
84336,1140.954,443.1971,244.6741,85703,327.6888,0.8338,0.984,0.7031,0.8141,1.8114,0.7394
77175,1086.05,439.5001,224.2142,77745,313.4681,0.8601,0.9927,0.7363,0.8222,1.9602,0.7132
49171,938.006,379.6055,166.5137,50268,250.2128,0.8987,0.9782,0.6304,0.7023,2.2797,0.6591
64587,982.269,384.9825,214.8993,65205,286.766,0.8297,0.9905,0.6804,0.8412,1.7915,0.7449
106610,1290.417,502.5752,272.1092,108253,368.4292,0.8407,0.9848,0.6764,0.8045,1.847,0.7331
71768,1025.531,406.5734,225.3076,72315,302.2877,0.8324,0.9924,0.7173,0.8575,1.8045,0.7435
74432,1102.102,454.2106,210.2381,75133,307.847,0.8864,0.9907,0.7084,0.7701,2.1605,0.6778
58497,959.183,369.3241,207.7206,59162,272.9115,0.8268,0.9888,0.6073,0.799,1.778,0.7389
86784,1169.443,475.6594,232.8886,87560,332.4106,0.8719,0.9911,0.7379,0.7974,2.0424,0.6988
65739,999.645,394.7692,212.8996,66429,289.3121,0.8421,0.9896,0.6483,0.8267,1.8543,0.7329
73579,1071.09,432.7015,217.4501,74409,306.0779,0.8646,0.9888,0.7265,0.806,1.9899,0.7074
88968,1147.059,455.4718,249.3383,89671,336.5673,0.8369,0.9922,0.7439,0.8497,1.8267,0.7389
68104,1023.06,387.1017,225.8398,68988,294.4702,0.8122,0.9872,0.7431,0.8177,1.7141,0.7607
115667,1302.503,513.1843,287.8763,116443,383.7601,0.8278,0.9933,0.6812,0.8568,1.7827,0.7478
96049,1223.507,495.2018,247.6135,96753,349.7047,0.866,0.9927,0.7145,0.8063,1.9999,0.7062
78118,1123.454,463.9883,214.7636,78900,315.3774,0.8864,0.9901,0.7505,0.7778,2.1605,0.6797
82200,1215.347,525.4994,199.3062,82967,323.5124,0.9253,0.9908,0.7623,0.6993,2.6366,0.6156
65353,1187.425,507.2473,177.0789,71144,288.4615,0.9371,0.9186,0.5411,0.5825,2.8645,0.5687
84853,1191.6,498.9604,218.6029,85930,328.6916,0.8989,0.9875,0.6884,0.751,2.2825,0.6588
72953,1081.487,440.3018,212.0823,73771,304.7731,0.8764,0.9889,0.7042,0.7838,2.0761,0.6922
82106,1118.251,449.4076,232.938,82725,323.3274,0.8552,0.9925,0.7631,0.8251,1.9293,0.7195
83275,1125.595,431.0919,247.2544,84158,325.621,0.8192,0.9895,0.708,0.826,1.7435,0.7553
95827,1214.571,473.2304,260.5924,97179,349.3003,0.8347,0.9861,0.7077,0.8163,1.816,0.7381
69792,1054.112,418.1591,214.3962,70460,298.0972,0.8586,0.9905,0.6558,0.7893,1.9504,0.7129
85899,1126.533,442.4507,247.9813,86772,330.7114,0.8282,0.9899,0.7253,0.8506,1.7842,0.7475
82577,1244.045,542.1107,194.3435,83333,324.2535,0.9335,0.9909,0.5899,0.6705,2.7894,0.5981
90880,1166.437,443.1161,262.6359,91957,340.1647,0.8054,0.9883,0.7139,0.8394,1.6872,0.7677
83068,1212.686,524.5961,202.6843,83803,325.216,0.9223,0.9912,0.7585,0.7098,2.5882,0.6199
76461,1060.714,406.9421,240.8816,77449,312.0147,0.806,0.9872,0.7168,0.854,1.6894,0.7667
91455,1203.49,491.3347,237.4701,92255,341.2391,0.8754,0.9913,0.6791,0.7935,2.069,0.6945
79842,1133.404,458.0375,222.8276,80792,318.8385,0.8737,0.9882,0.7354,0.781,2.0556,0.6961
85203,1183.741,487.6304,222.8771,85939,329.3688,0.8894,0.9914,0.743,0.7641,2.1879,0.6754
90239,1298.35,538.0211,217.9732,92604,338.9629,0.9143,0.9745,0.5071,0.6727,2.4683,0.63
84227,1116.774,432.3185,249.1444,85078,327.4769,0.8172,0.99,0.6747,0.8487,1.7352,0.7575
86164,1122.042,428.2713,256.9736,86938,331.2211,0.8,0.9911,0.694,0.86,1.6666,0.7734
71795,1055.3,402.5217,228.9724,72637,302.3446,0.8224,0.9884,0.696,0.8101,1.7579,0.7511
63619,1021.406,425.4593,191.212,64360,284.6089,0.8933,0.9885,0.7415,0.7663,2.2251,0.6689
87049,1124.762,419.6184,266.6329,88432,332.9178,0.7722,0.9844,0.7383,0.8647,1.5738,0.7934
93099,1318.933,567.3827,209.6766,93996,344.2925,0.9292,0.9905,0.497,0.6725,2.706,0.6068
92741,1190.617,473.0509,250.7205,93415,343.6299,0.848,0.9928,0.6655,0.8221,1.8868,0.7264
75634,1110.387,429.9836,229.97,76640,310.3227,0.845,0.9869,0.5793,0.7709,1.8697,0.7217
76030,1092.939,436.158,222.7669,77151,311.1341,0.8597,0.9855,0.7068,0.7998,1.9579,0.7134
80397,1136.232,438.6483,234.1595,81828,319.9447,0.8456,0.9825,0.6895,0.7826,1.8733,0.7294
72786,1033.419,387.3048,240.8157,73835,304.4241,0.7832,0.9858,0.725,0.8565,1.6083,0.786
59905,938.394,364.1592,210.1456,60595,276.1764,0.8167,0.9886,0.753,0.8549,1.7329,0.7584
61949,1033.415,439.7728,179.6936,62581,280.8486,0.9127,0.9899,0.6025,0.7289,2.4473,0.6386
89286,1158.671,449.708,253.659,90460,337.1683,0.8257,0.987,0.738,0.8357,1.7729,0.7497
95725,1212.273,480.4405,255.9378,96842,349.1144,0.8463,0.9885,0.6826,0.8185,1.8772,0.7267
67157,1033.865,423.7104,202.5157,67798,292.4157,0.8784,0.9905,0.717,0.7895,2.0922,0.6901
68575,1013.014,376.118,233.5821,69321,295.4867,0.7838,0.9892,0.6983,0.8397,1.6102,0.7856
100766,1311.196,548.862,235.1941,101571,358.1889,0.9035,0.9921,0.5622,0.7365,2.3337,0.6526
70573,1014.861,392.7862,229.9605,71377,299.7605,0.8107,0.9887,0.6793,0.8611,1.7081,0.7632
83336,1267.727,554.8182,192.6706,84389,325.7402,0.9378,0.9875,0.7642,0.6516,2.8796,0.5871
64809,1003.578,402.3724,206.258,65578,287.2584,0.8586,0.9883,0.6382,0.8086,1.9508,0.7139
83422,1140.849,445.1361,239.3399,84230,325.9083,0.8432,0.9904,0.6568,0.8054,1.8598,0.7322
93313,1189.412,463.7824,257.2217,94188,344.688,0.8321,0.9907,0.7249,0.8289,1.803,0.7432
73692,1047.379,411.486,229.0894,74317,306.3129,0.8307,0.9916,0.7208,0.8442,1.7962,0.7444
100266,1207.936,456.8741,279.9331,101252,357.2991,0.7903,0.9903,0.7079,0.8635,1.6321,0.7821
93715,1291.172,554.5346,215.7326,94571,345.4297,0.9212,0.9909,0.7138,0.7064,2.5705,0.6229
85569,1183.556,491.6035,223.1268,86693,330.0755,0.8911,0.987,0.6871,0.7676,2.2032,0.6714
85686,1244.681,528.0725,208.0628,86599,330.3011,0.9191,0.9895,0.5137,0.695,2.538,0.6255
63928,1029.559,412.399,198.9269,64857,285.2992,0.876,0.9857,0.7424,0.7579,2.0731,0.6918
103248,1253.276,489.6105,269.4285,104423,362.5734,0.835,0.9887,0.6606,0.826,1.8172,0.7405
102794,1304.159,539.3526,243.5878,103596,361.7753,0.8922,0.9923,0.7039,0.7595,2.2142,0.6708
83446,1194.038,481.648,221.4931,84624,325.9551,0.888,0.9861,0.6899,0.7355,2.1746,0.6767
82798,1110.093,436.5554,242.3814,83578,324.6871,0.8317,0.9907,0.6954,0.8443,1.8011,0.7437
98701,1311.768,559.2086,225.4859,99574,354.4997,0.9151,0.9912,0.6782,0.7208,2.48,0.6339
62584,1017.196,345.0958,233.8076,64781,282.2843,0.7355,0.9661,0.7357,0.7601,1.476,0.818
79451,1084.958,424.1414,239.3025,80278,318.0568,0.8256,0.9897,0.7564,0.8482,1.7724,0.7499
78435,1110.106,459.7178,217.642,78988,316.0167,0.8808,0.993,0.7532,0.7998,2.1123,0.6874
65517,970.276,379.0583,220.5561,66006,288.8232,0.8133,0.9926,0.7536,0.8745,1.7186,0.7619
87254,1183.621,488.4123,228.3113,88124,333.3095,0.884,0.9901,0.7404,0.7827,2.1392,0.6824
90267,1263.079,540.4486,214.8378,90961,339.0155,0.9176,0.9924,0.6996,0.711,2.5156,0.6273
82501,1144.368,450.4995,234.0967,83589,324.1042,0.8544,0.987,0.7427,0.7917,1.9244,0.7194
75714,1087.855,444.7661,217.8407,76370,310.4868,0.8718,0.9914,0.6686,0.804,2.0417,0.6981
66242,994.029,388.0023,218.341,67004,290.4168,0.8266,0.9886,0.6813,0.8425,1.777,0.7485
81198,1118.627,444.9393,233.4215,81990,321.5346,0.8513,0.9903,0.7148,0.8154,1.9062,0.7226
86036,1211.072,501.7878,220.4258,87340,330.975,0.8983,0.9851,0.5978,0.7371,2.2764,0.6596
83734,1169.568,484.2532,220.4503,84419,326.5171,0.8904,0.9919,0.6205,0.7692,2.1967,0.6743
72153,1062.967,424.9647,217.4495,72836,303.0974,0.8592,0.9906,0.707,0.8025,1.9543,0.7132
70499,1138.229,458.5958,196.779,71760,299.6033,0.9033,0.9824,0.7245,0.6838,2.3305,0.6533
67063,1007.983,396.5851,215.6198,67816,292.211,0.8393,0.9889,0.6507,0.8294,1.8393,0.7368
70878,1156.593,419.7653,217.002,71932,300.4075,0.856,0.9853,0.7445,0.6658,1.9344,0.7157
99069,1275.454,530.3301,238.6435,99759,355.1599,0.893,0.9931,0.6941,0.7653,2.2223,0.6697
104503,1256.076,484.5323,275.2877,105471,364.7703,0.8229,0.9908,0.7486,0.8324,1.7601,0.7528
67440,1041.388,417.9546,206.9024,68744,293.0312,0.8689,0.981,0.7312,0.7815,2.0201,0.7011
73600,1044.535,407.6386,230.0997,74173,306.1216,0.8255,0.9923,0.6771,0.8477,1.7716,0.751
62802,992.852,383.6639,210.6079,63705,282.7755,0.8359,0.9858,0.6956,0.8006,1.8217,0.737
94954,1210.977,474.3818,257.0043,96121,347.7056,0.8405,0.9879,0.7243,0.8137,1.8458,0.733
117550,1453.922,619.1037,242.8791,118597,386.8712,0.9198,0.9912,0.5828,0.6988,2.549,0.6249
95971,1303.774,558.417,219.8414,96950,349.5627,0.9192,0.9899,0.7065,0.7095,2.5401,0.626
77054,1096.298,439.6744,224.2773,77705,313.2223,0.8601,0.9916,0.6283,0.8057,1.9604,0.7124
108961,1359.81,570.2571,244.1582,109943,372.4694,0.9037,0.9911,0.5514,0.7405,2.3356,0.6532
71069,1043.659,407.9111,222.7584,71891,300.812,0.8377,0.9886,0.7294,0.8199,1.8312,0.7374
72499,1091.719,449.2172,206.251,73438,303.8233,0.8884,0.9872,0.7375,0.7644,2.178,0.6763
102444,1310.48,547.7943,238.65,103317,361.1589,0.9001,0.9916,0.658,0.7496,2.2954,0.6593
84934,1159.933,462.8951,234.5597,85781,328.8485,0.8621,0.9901,0.736,0.7933,1.9735,0.7104
64088,951.711,357.6842,229.8545,64658,285.656,0.7662,0.9912,0.7408,0.8892,1.5561,0.7986
117831,1351.807,550.4503,273.2891,118565,387.3333,0.868,0.9938,0.6797,0.8103,2.0142,0.7037
105517,1367.883,580.7658,232.6139,106393,366.5357,0.9163,0.9918,0.5651,0.7087,2.4967,0.6311
54128,871.458,324.0113,214.0405,54742,262.5222,0.7507,0.9888,0.728,0.8957,1.5138,0.8102
79775,1151.148,480.0127,211.9024,80434,318.7047,0.8973,0.9918,0.7564,0.7565,2.2653,0.664
71311,1036.339,410.6743,222.1935,72149,301.3237,0.841,0.9884,0.7392,0.8344,1.8483,0.7337
70452,1030.873,406.2796,222.2445,71301,299.5034,0.8371,0.9881,0.6972,0.8331,1.8281,0.7372
65267,1070.158,457.9331,182.0538,65914,288.2716,0.9176,0.9902,0.7434,0.7162,2.5154,0.6295
72664,1051.94,417.1807,223.9071,73380,304.1688,0.8438,0.9902,0.6437,0.8252,1.8632,0.7291
61138,953.256,371.2713,211.3706,61753,279.0042,0.8221,0.99,0.7391,0.8455,1.7565,0.7515
79991,1107.468,437.5165,233.3934,80846,319.1359,0.8458,0.9894,0.74,0.8196,1.8746,0.7294
79101,1076.597,410.1806,246.4886,79803,317.3555,0.7993,0.9912,0.7036,0.8576,1.6641,0.7737
75226,1102.405,435.491,220.521,76017,309.4846,0.8623,0.9896,0.6804,0.7778,1.9748,0.7107
76110,1175.506,504.107,194.2488,76890,311.2977,0.9228,0.9899,0.6969,0.6922,2.5952,0.6175
71792,1028.771,402.3638,228.4777,72478,302.3382,0.8231,0.9905,0.7488,0.8524,1.7611,0.7514
90491,1197.164,476.7964,244.9508,91721,339.4359,0.8579,0.9866,0.6326,0.7934,1.9465,0.7119
107476,1306.008,528.8045,259.4713,108501,369.9226,0.8713,0.9906,0.7814,0.7918,2.038,0.6995
96587,1202.176,477.3562,258.3293,97232,350.6827,0.8409,0.9934,0.653,0.8398,1.8479,0.7346
60780,1022.444,434.3616,179.0683,61611,278.1861,0.9111,0.9865,0.5717,0.7306,2.4257,0.6404
81702,1132.453,446.1777,234.8366,83070,322.531,0.8503,0.9835,0.6719,0.8006,1.8999,0.7229
87913,1169.888,445.6384,252.9865,89481,334.5659,0.8232,0.9825,0.7415,0.8072,1.7615,0.7508
84765,1153.649,461.3105,235.2579,85715,328.5212,0.8602,0.9889,0.7164,0.8003,1.9609,0.7121
100906,1252.699,505.8694,254.4459,101633,358.4376,0.8643,0.9928,0.7595,0.808,1.9881,0.7086
68063,1027.533,410.4732,212.6987,68872,294.3816,0.8553,0.9883,0.6511,0.8101,1.9298,0.7172
66086,992.483,388.6784,217.6789,66864,290.0747,0.8285,0.9884,0.7251,0.8431,1.7856,0.7463
97447,1172.021,448.6889,276.9897,98077,352.2405,0.7867,0.9936,0.7601,0.8915,1.6199,0.785
101439,1302.85,551.2398,234.6932,102203,359.383,0.9048,0.9925,0.705,0.751,2.3488,0.652
52493,911.108,376.8871,177.5951,52958,258.5269,0.882,0.9912,0.6335,0.7946,2.1222,0.686
71730,1035.017,402.0958,227.921,72668,302.2077,0.8238,0.9871,0.6765,0.8414,1.7642,0.7516
95817,1261.135,523.8675,233.9625,96609,349.2821,0.8947,0.9918,0.6487,0.7571,2.2391,0.6667
125949,1425.955,595.5913,269.7864,126962,400.4538,0.8915,0.992,0.6946,0.7784,2.2076,0.6724
82298,1127.572,459.3747,228.9825,82840,323.7052,0.8669,0.9935,0.6362,0.8134,2.0062,0.7047
87681,1125.864,431.1216,260.956,88512,334.1241,0.796,0.9906,0.7205,0.8692,1.6521,0.775
82487,1103.065,429.359,246.2547,83544,324.0767,0.8192,0.9873,0.73,0.8519,1.7436,0.7548
83192,1234.263,541.2917,196.1894,83761,325.4587,0.932,0.9932,0.7515,0.6862,2.759,0.6013
87080,1160.399,463.6087,241.0442,87925,332.977,0.8542,0.9904,0.7202,0.8127,1.9233,0.7182
103347,1361.403,596.3469,222.5696,104330,362.7471,0.9277,0.9906,0.6915,0.7007,2.6794,0.6083
79578,1083.106,417.1719,244.1431,80361,318.3109,0.8109,0.9903,0.7002,0.8524,1.7087,0.763
56296,931.011,378.5936,190.0321,56823,267.728,0.8649,0.9907,0.6846,0.8162,1.9923,0.7072
75110,1061.797,417.4273,231.0868,76105,309.2459,0.8328,0.9869,0.6705,0.8372,1.8064,0.7408
81646,1111.511,441.5831,236.2557,82306,322.4204,0.8448,0.992,0.6542,0.8305,1.8691,0.7301
79251,1177.626,495.1221,204.5197,80067,317.6563,0.9107,0.9898,0.6357,0.7181,2.4209,0.6416
77244,1110.416,463.2871,212.6756,77867,313.6082,0.8884,0.992,0.7088,0.7872,2.1784,0.6769
68318,1025.597,413.5648,211.4306,69097,294.9325,0.8594,0.9887,0.6943,0.8162,1.956,0.7131
75637,1076.373,429.0606,225.5956,76453,310.3289,0.8506,0.9893,0.7445,0.8204,1.9019,0.7233
88939,1228.135,487.287,235.4554,90454,336.5125,0.8755,0.9833,0.5532,0.741,2.0696,0.6906
57907,949.8,387.4814,191.2462,58497,271.5317,0.8697,0.9899,0.7104,0.8066,2.0261,0.7008
94132,1182.42,457.4919,263.0507,95285,346.1973,0.8182,0.9879,0.755,0.8461,1.7392,0.7567
75421,1173.574,510.5464,188.4542,76426,309.8855,0.9294,0.9869,0.756,0.6881,2.7091,0.607
74626,1125.769,473.1751,201.5642,75383,308.2479,0.9047,0.99,0.5713,0.7399,2.3475,0.6514
81944,1223.373,524.5474,199.5556,83000,323.0083,0.9248,0.9873,0.6714,0.688,2.6286,0.6158
97902,1233.711,491.1406,254.7969,99020,353.0619,0.8549,0.9887,0.7756,0.8083,1.9276,0.7189
58670,995.8,422.0411,177.3387,59180,273.3148,0.9074,0.9914,0.6106,0.7435,2.3799,0.6476
86870,1223.99,509.7596,217.9309,87691,332.5753,0.904,0.9906,0.5805,0.7287,2.3391,0.6524
65832,985.634,382.8722,220.8535,66718,289.5167,0.8169,0.9867,0.7283,0.8516,1.7336,0.7562
70162,1047.63,420.9797,213.56,71039,298.8863,0.8618,0.9877,0.6985,0.8033,1.9712,0.71
80741,1127.93,456.96,226.8658,81774,320.6285,0.8681,0.9874,0.6942,0.7975,2.0142,0.7017
77240,1050.233,395.1349,250.365,77916,313.6001,0.7736,0.9913,0.7343,0.88,1.5782,0.7937
89806,1172.275,466.5271,245.8642,90579,338.1487,0.8499,0.9915,0.7496,0.8212,1.8975,0.7248
84329,1139.891,461.9137,233.7635,84990,327.6752,0.8625,0.9922,0.679,0.8156,1.976,0.7094
72238,1053.34,421.9415,219.2896,73015,303.2759,0.8543,0.9894,0.7431,0.8182,1.9241,0.7188
125697,1403.472,569.1473,282.2073,126538,400.053,0.8684,0.9934,0.6595,0.8019,2.0168,0.7029
80955,1121.401,452.0542,228.4732,81700,321.0531,0.8629,0.9909,0.7506,0.809,1.9786,0.7102
89976,1171.012,466.9481,246.7559,91107,338.4686,0.849,0.9876,0.7075,0.8245,1.8923,0.7249
64938,989.755,394.5168,210.7579,65529,287.5441,0.8453,0.991,0.6561,0.833,1.8719,0.7289
88896,1168.739,466.818,243.3027,89633,336.4311,0.8534,0.9918,0.67,0.8178,1.9187,0.7207
94608,1167.109,443.5395,272.1751,95556,347.0715,0.7896,0.9901,0.7272,0.8728,1.6296,0.7825
69138,1014.49,400.1709,220.6398,69900,296.6972,0.8343,0.9891,0.7226,0.8442,1.8137,0.7414
66512,1057.918,440.6593,192.5683,67301,291.0081,0.8995,0.9883,0.6136,0.7468,2.2883,0.6604
85336,1136.469,449.1391,242.7072,86123,329.6258,0.8414,0.9909,0.6867,0.8303,1.8505,0.7339
75084,1035.296,388.4408,246.8196,75950,309.1924,0.7722,0.9886,0.7543,0.8803,1.5738,0.796
75331,1047.751,394.8053,244.9191,76108,309.7005,0.7843,0.9898,0.7041,0.8623,1.612,0.7844
91699,1238.423,528.1439,221.7489,92307,341.694,0.9076,0.9934,0.757,0.7513,2.3817,0.647
69644,1046.646,420.7644,211.5298,70608,297.781,0.8644,0.9863,0.6321,0.7989,1.9891,0.7077
78000,1175.369,497.2423,200.9569,79006,315.1392,0.9147,0.9873,0.5182,0.7095,2.4744,0.6338
83762,1173.556,484.7603,220.6686,84684,326.5717,0.8904,0.9891,0.6772,0.7643,2.1968,0.6737
69598,1025.298,396.6914,225.2416,70469,297.6826,0.8232,0.9876,0.663,0.832,1.7612,0.7504
73759,1122.909,475.6889,199.4182,74530,306.4521,0.9079,0.9897,0.7054,0.7351,2.3854,0.6442
77381,1045.495,401.8104,245.6913,77907,313.8862,0.7913,0.9932,0.73,0.8896,1.6354,0.7812
95117,1205.369,477.8186,254.3343,95970,348.0039,0.8466,0.9911,0.7582,0.8227,1.8787,0.7283
79254,1094.756,437.6951,231.5245,79858,317.6623,0.8486,0.9924,0.7652,0.831,1.8905,0.7258
101656,1237.338,488.7574,265.6798,102295,359.7672,0.8394,0.9938,0.7195,0.8344,1.8396,0.7361
58684,917.482,355.8436,210.4503,59202,273.3474,0.8064,0.9913,0.7156,0.8761,1.6909,0.7682
58377,924.336,347.6688,214.4294,59132,272.6314,0.7871,0.9872,0.6966,0.8586,1.6214,0.7842
79829,1259.152,562.2312,181.5493,80650,318.8125,0.9464,0.9898,0.7719,0.6327,3.0969,0.567
90610,1206.725,478.2473,242.492,91747,339.659,0.8619,0.9876,0.7396,0.7819,1.9722,0.7102
73231,1069.486,433.525,215.6519,73833,305.3532,0.8675,0.9918,0.6561,0.8046,2.0103,0.7043
50475,973.272,398.3902,162.796,51385,253.5089,0.9127,0.9823,0.7591,0.6696,2.4472,0.6363
78642,1152.579,492.3262,203.8733,79237,316.4334,0.9102,0.9925,0.541,0.7439,2.4149,0.6427
77320,1054.145,401.5085,246.4752,78314,313.7625,0.7894,0.9873,0.7447,0.8744,1.629,0.7815
67658,1000.448,385.5023,225.644,68313,293.5044,0.8108,0.9904,0.6995,0.8495,1.7085,0.7614
74041,1062.649,427.9002,221.4662,74848,307.0373,0.8556,0.9892,0.662,0.824,1.9321,0.7175
97251,1287.693,538.7345,230.5664,98067,351.8861,0.9038,0.9917,0.5727,0.737,2.3366,0.6532
70303,1039.031,418.0061,215.5899,70885,299.1865,0.8567,0.9918,0.6469,0.8183,1.9389,0.7157
97966,1238.779,497.9173,251.3542,98754,353.1773,0.8632,0.992,0.6282,0.8022,1.9809,0.7093
72636,1095.028,457.1058,203.1248,73264,304.1102,0.8958,0.9914,0.6365,0.7612,2.2504,0.6653
100498,1230.043,480.4655,267.6076,101231,357.7122,0.8305,0.9928,0.6611,0.8347,1.7954,0.7445
99902,1313.851,533.6947,241.9688,101899,356.6499,0.8913,0.9804,0.7708,0.7273,2.2056,0.6683
81161,1147.905,470.9768,220.0735,82234,321.4613,0.8841,0.987,0.6621,0.774,2.1401,0.6825
76780,1078.229,426.1421,231.1348,77503,312.6649,0.8401,0.9907,0.7013,0.8299,1.8437,0.7337
65317,968.895,371.1606,224.4779,65905,288.382,0.7964,0.9911,0.7614,0.8743,1.6534,0.777
66703,1012.304,400.7618,212.7692,67626,291.4256,0.8474,0.9864,0.7386,0.818,1.8836,0.7272
60485,969.488,390.4817,198.2395,61257,277.5102,0.8615,0.9874,0.7304,0.8087,1.9697,0.7107
94164,1188.448,469.3919,257.6509,95146,346.2562,0.8359,0.9897,0.6757,0.8378,1.8218,0.7377
65744,1001.073,401.4937,210.0561,66437,289.3231,0.8522,0.9896,0.7324,0.8244,1.9114,0.7206
101155,1310.605,558.5865,231.2201,101903,358.8796,0.9103,0.9927,0.5509,0.74,2.4158,0.6425
85968,1168.743,479.1606,229.2326,87008,330.8442,0.8781,0.988,0.7495,0.7909,2.0903,0.6905
85791,1160.696,476.6678,229.7918,86478,330.5034,0.8761,0.9921,0.7386,0.8002,2.0743,0.6934
68860,1027.834,382.1779,232.072,69990,296.1001,0.7945,0.9839,0.7225,0.8191,1.6468,0.7748
99838,1242.015,488.9841,261.2111,100656,356.5357,0.8454,0.9919,0.7353,0.8133,1.872,0.7291
73352,1028.235,391.4556,239.6153,73946,305.6054,0.7908,0.992,0.7249,0.8718,1.6337,0.7807
77802,1087.467,435.5175,228.234,78490,314.7389,0.8517,0.9912,0.6352,0.8267,1.9082,0.7227
70215,1006.875,388.0909,231.05,70876,298.9992,0.8035,0.9907,0.7047,0.8703,1.6797,0.7704
92239,1213.792,484.2714,245.4672,93341,342.6986,0.862,0.9882,0.6955,0.7867,1.9729,0.7077
65981,959.577,355.6746,236.8399,66749,289.8441,0.7461,0.9885,0.744,0.9005,1.5018,0.8149
83607,1129.057,443.0737,241.0962,84452,326.2694,0.839,0.99,0.694,0.8242,1.8377,0.7364
78934,1143.315,471.8917,213.7342,79704,317.0203,0.8915,0.9903,0.6333,0.7588,2.2078,0.6718
84259,1139.639,456.0281,235.699,84990,327.5391,0.8561,0.9914,0.752,0.8153,1.9348,0.7182
76356,1052.424,397.6275,246.8013,77341,311.8004,0.7841,0.9873,0.6886,0.8663,1.6111,0.7842
89861,1190.085,478.7776,239.6083,90943,338.2522,0.8658,0.9881,0.6194,0.7973,1.9982,0.7065
75275,1054.831,408.8475,236.0111,76178,309.5854,0.8166,0.9881,0.6939,0.8501,1.7323,0.7572
82306,1116.464,410.7504,256.2447,83372,323.721,0.7815,0.9872,0.7325,0.8298,1.603,0.7881
67958,1075.298,433.4113,200.431,69034,294.1544,0.8866,0.9844,0.5658,0.7386,2.1624,0.6787
100094,1288.928,541.6143,235.97,100803,356.9925,0.9001,0.993,0.7624,0.7571,2.2953,0.6591
70388,1044.665,426.7972,211.0762,71013,299.3673,0.8691,0.9912,0.7189,0.8105,2.022,0.7014
86117,1218.956,519.6086,211.7998,86789,331.1307,0.9132,0.9923,0.7314,0.7283,2.4533,0.6373
78511,1114.002,454.565,220.9939,79257,316.1697,0.8739,0.9906,0.7085,0.795,2.0569,0.6955
84061,1264.182,552.5271,194.4664,84836,327.1541,0.936,0.9909,0.7553,0.661,2.8412,0.5921
73241,1016.409,384.3956,244.0753,73821,305.3741,0.7725,0.9921,0.7141,0.8909,1.5749,0.7944
76529,1054.015,415.3611,235.2246,77036,312.1534,0.8242,0.9934,0.7382,0.8656,1.7658,0.7515
63752,1016.122,411.8515,197.9054,64556,284.9062,0.877,0.9875,0.7264,0.7759,2.0811,0.6918
72684,1061.561,420.4868,221.3766,73535,304.2107,0.8502,0.9884,0.728,0.8105,1.8994,0.7235
92231,1312.653,576.5156,204.0818,93061,342.6838,0.9352,0.9911,0.7622,0.6726,2.8249,0.5944
79511,1117.249,455.1494,223.4867,80285,318.1769,0.8711,0.9904,0.6643,0.8005,2.0366,0.6991
73922,1083.172,427.7689,221.1263,74771,306.7905,0.856,0.9886,0.6623,0.7918,1.9345,0.7172
90147,1253.242,539.6806,213.3532,91009,338.7901,0.9185,0.9905,0.7317,0.7213,2.5295,0.6278
108392,1360.61,565.6282,245.2117,109408,371.4956,0.9011,0.9907,0.5901,0.7358,2.3067,0.6568
91553,1242.504,533.0082,219.6158,92162,341.4219,0.9112,0.9934,0.7338,0.7452,2.427,0.6406
78327,1118.245,456.7791,219.2293,79180,315.799,0.8773,0.9892,0.7283,0.7871,2.0836,0.6914
74371,1093.658,443.5495,215.2343,75380,307.7208,0.8744,0.9866,0.7153,0.7814,2.0608,0.6938
74717,1094.608,440.8381,216.1998,75451,308.4358,0.8715,0.9903,0.7234,0.7836,2.039,0.6997
87522,1240.687,533.5277,209.5657,88303,333.821,0.9196,0.9912,0.7666,0.7145,2.5459,0.6257
56882,926.303,368.015,197.4554,57544,269.1178,0.8439,0.9885,0.7403,0.8331,1.8638,0.7313
92816,1229.789,472.8681,252.0375,93938,343.7688,0.8461,0.9881,0.7131,0.7712,1.8762,0.727
55879,918.363,353.1879,203.1549,56514,266.7346,0.818,0.9888,0.6792,0.8326,1.7385,0.7552
104263,1261.525,488.8553,272.7207,105537,364.3512,0.8299,0.9879,0.6803,0.8233,1.7925,0.7453
63314,937.288,345.6927,234.4716,63784,283.9259,0.7348,0.9926,0.7439,0.9057,1.4743,0.8213
90363,1193.042,481.5141,240.0706,91407,339.1957,0.8668,0.9886,0.7093,0.7978,2.0057,0.7044
124268,1448.55,610.5165,259.8887,125239,397.7725,0.9049,0.9922,0.5638,0.7442,2.3491,0.6515
110913,1343.399,558.8948,253.4391,111715,375.7909,0.8913,0.9928,0.741,0.7723,2.2052,0.6724
71563,1099.323,470.8907,194.1545,72156,301.8557,0.911,0.9918,0.6749,0.7441,2.4253,0.641
70217,1009.958,391.4948,229.4863,70833,299.0034,0.8102,0.9913,0.6915,0.8651,1.706,0.7637
77680,1118.256,459.7527,216.7128,78468,314.492,0.8819,0.99,0.6373,0.7806,2.1215,0.684
87906,1156.064,446.5276,251.7033,88905,334.5525,0.826,0.9888,0.7095,0.8265,1.774,0.7492
93850,1199.221,473.8017,253.7194,94937,345.6784,0.8445,0.9886,0.664,0.8201,1.8674,0.7296
94293,1213.491,496.2845,243.012,95045,346.4933,0.8719,0.9921,0.7559,0.8047,2.0422,0.6982
112075,1349.97,550.9824,260.353,112998,377.7543,0.8813,0.9918,0.7456,0.7728,2.1163,0.6856
123618,1417.026,587.8352,271.1817,124662,396.7308,0.8872,0.9916,0.7694,0.7736,2.1677,0.6749
74309,1095.566,457.2672,207.549,74833,307.5925,0.8911,0.993,0.6428,0.778,2.2032,0.6727
75998,1075.001,422.841,230.2788,76871,311.0686,0.8387,0.9886,0.7236,0.8264,1.8362,0.7357
73040,1040.006,383.8573,243.0195,73985,304.9548,0.7741,0.9872,0.7199,0.8486,1.5795,0.7944
65139,995.199,383.8197,217.7336,65790,287.9888,0.8235,0.9901,0.7327,0.8265,1.7628,0.7503
95497,1199.376,472.5344,258.6676,96748,348.6984,0.8369,0.9871,0.7387,0.8342,1.8268,0.7379
74014,1156.549,496.6674,191.653,74728,306.9814,0.9225,0.9904,0.6688,0.6953,2.5915,0.6181
91840,1182.401,467.9164,250.394,92722,341.9566,0.8448,0.9905,0.6447,0.8255,1.8687,0.7308
86778,1212.825,494.6591,224.1786,87667,332.3991,0.8914,0.9899,0.6295,0.7413,2.2065,0.672
81539,1138.23,460.995,226.0706,82290,322.2091,0.8715,0.9909,0.6218,0.7909,2.0392,0.6989
90643,1160.612,453.1485,255.2836,91366,339.7208,0.8262,0.9921,0.7505,0.8456,1.7751,0.7497
66584,1063.989,443.5447,192.3178,67224,291.1656,0.9011,0.9905,0.7321,0.7391,2.3063,0.6565
87490,1137.818,429.7881,260.8003,88474,333.76,0.7948,0.9889,0.7558,0.8492,1.648,0.7766
73608,1124.534,461.641,206.0594,74746,306.1382,0.8949,0.9848,0.5834,0.7315,2.2403,0.6632
79102,1120.31,430.87,234.4646,79999,317.3575,0.839,0.9888,0.6653,0.792,1.8377,0.7366
58896,964.351,390.8858,193.0709,59536,273.8407,0.8695,0.9893,0.6204,0.7958,2.0246,0.7006
97790,1271.241,532.3676,235.2577,98521,352.8599,0.8971,0.9926,0.7546,0.7604,2.2629,0.6628
75565,1103.473,456.6652,211.2349,76167,310.1812,0.8866,0.9921,0.7174,0.7798,2.1619,0.6792
92115,1170.353,466.4165,251.8191,92719,342.4682,0.8417,0.9935,0.6931,0.8451,1.8522,0.7343
68663,1001.803,392.3675,223.8566,69265,295.6763,0.8213,0.9913,0.7304,0.8597,1.7528,0.7536
82560,1129.072,452.617,233.0551,83366,324.2201,0.8572,0.9903,0.7268,0.8138,1.9421,0.7163
97269,1336.832,583.4231,213.0184,98347,351.9187,0.931,0.989,0.5028,0.684,2.7388,0.6032
127033,1439.29,599.4888,270.4777,127906,402.1734,0.8924,0.9932,0.6363,0.7706,2.2164,0.6709
77063,1109.138,452.2426,217.8907,77806,313.2406,0.8763,0.9905,0.6162,0.7872,2.0755,0.6926
107695,1366.056,591.1305,232.3622,108546,370.2992,0.9195,0.9922,0.7285,0.7252,2.544,0.6264
95801,1281.503,540.3674,227.876,96934,349.2529,0.9067,0.9883,0.7503,0.7331,2.3713,0.6463
84922,1104.95,419.5984,258.7841,85609,328.8253,0.7872,0.992,0.7147,0.8741,1.6214,0.7837
78984,1105.929,437.5652,230.8417,80011,317.1207,0.8495,0.9872,0.6964,0.8115,1.8955,0.7247
79175,1134.729,465.2679,218.1698,80151,317.5039,0.8832,0.9878,0.6828,0.7727,2.1326,0.6824
85325,1218.305,520.3233,209.3823,86287,329.6046,0.9155,0.9889,0.6995,0.7224,2.485,0.6335
67879,999.949,378.0646,230.2247,68541,293.9834,0.7932,0.9903,0.7413,0.8531,1.6422,0.7776
81531,1145.799,458.4715,227.7827,82479,322.1933,0.8678,0.9885,0.769,0.7804,2.0128,0.7028
79049,1134.445,467.1289,216.7567,79946,317.2512,0.8858,0.9888,0.7313,0.7719,2.1551,0.6792
68607,1004.027,385.8641,227.7052,69396,295.5557,0.8073,0.9886,0.7031,0.8552,1.6946,0.766
79826,1135.082,466.6015,219.1873,80655,318.8066,0.8828,0.9897,0.7422,0.7786,2.1288,0.6833
68106,1033.963,404.6255,214.8054,68937,294.4745,0.8475,0.9879,0.7065,0.8005,1.8837,0.7278
106862,1253.488,492.4942,277.477,107521,368.8644,0.8262,0.9939,0.7391,0.8547,1.7749,0.749
97268,1267.072,518.7468,239.488,98334,351.9168,0.8871,0.9892,0.7327,0.7613,2.1661,0.6784
59652,932.197,359.1674,213.7165,60204,275.5926,0.8037,0.9908,0.675,0.8626,1.6806,0.7673
63918,971.85,377.8254,216.8723,64592,285.2769,0.8189,0.9896,0.6885,0.8504,1.7422,0.755
52657,928.434,390.5665,171.9892,53093,258.9304,0.8978,0.9918,0.5732,0.7677,2.2709,0.663
67961,1000.537,393.5478,221.0958,68758,294.1609,0.8273,0.9884,0.7424,0.8531,1.78,0.7475
60805,1013.861,413.9636,187.8367,61549,278.2433,0.8911,0.9879,0.7501,0.7433,2.2038,0.6721
99598,1299.341,538.7757,237.4905,101123,356.1069,0.8976,0.9849,0.564,0.7413,2.2686,0.661
61581,943.635,347.2939,227.319,62377,280.0132,0.756,0.9872,0.7329,0.8691,1.5278,0.8063
70910,1031.838,394.2224,229.9533,71725,300.4753,0.8123,0.9886,0.7437,0.8369,1.7144,0.7622
73119,1157.068,501.4912,186.0586,73786,305.1197,0.9286,0.991,0.735,0.6863,2.6953,0.6084
86869,1164.885,464.3543,238.922,87821,332.5734,0.8575,0.9892,0.6679,0.8045,1.9435,0.7162
95060,1256.403,524.0433,232.5665,96436,347.8996,0.8961,0.9857,0.7339,0.7567,2.2533,0.6639
77916,1108.703,453.8754,219.1218,78662,314.9694,0.8757,0.9905,0.7115,0.7965,2.0713,0.694
89971,1200.44,484.5063,237.9459,91511,338.4592,0.8711,0.9832,0.6071,0.7846,2.0362,0.6986
71027,1144.787,500.4918,182.442,71698,300.7231,0.9312,0.9906,0.7182,0.6811,2.7433,0.6009
73046,1124.123,471.2562,198.3681,74035,304.9673,0.9071,0.9866,0.5682,0.7264,2.3757,0.6471
63873,970.898,380.6654,214.3717,64512,285.1765,0.8264,0.9901,0.7402,0.8515,1.7757,0.7492
73772,1078.565,433.1016,218.6914,74572,306.4791,0.8632,0.9893,0.7094,0.7969,1.9804,0.7076
97138,1189.701,457.4477,271.1058,97869,351.6816,0.8055,0.9925,0.6931,0.8624,1.6873,0.7688
78746,1167.903,499.0766,202.9007,79514,316.6426,0.9136,0.9903,0.5299,0.7255,2.4597,0.6345
72184,1054.808,416.5983,220.9089,72940,303.1625,0.8478,0.9896,0.6359,0.8153,1.8858,0.7277
54426,903.456,363.788,190.8668,54880,263.2439,0.8513,0.9917,0.6485,0.8379,1.906,0.7236
73832,1030.211,393.978,239.4966,74641,306.6037,0.794,0.9892,0.7062,0.8742,1.645,0.7782
88928,1200.894,486.5606,233.6096,90097,336.4917,0.8772,0.987,0.5938,0.7749,2.0828,0.6916
98737,1337.907,576.5912,220.7942,99750,354.5643,0.9238,0.9898,0.5147,0.6932,2.6114,0.6149
72106,1131.138,484.9191,193.0989,72800,302.9987,0.9173,0.9905,0.6187,0.7082,2.5112,0.6248
80875,1141.522,465.5392,222.9017,81615,320.8945,0.8779,0.9909,0.6013,0.7799,2.0885,0.6893
82808,1249.615,553.3815,193.0361,83611,324.7067,0.9372,0.9904,0.4843,0.6664,2.8667,0.5868
76930,1063.152,417.3471,235.203,77536,312.9702,0.8261,0.9922,0.6703,0.8553,1.7744,0.7499
85461,1136.125,446.2935,245.1551,86344,329.8671,0.8356,0.9898,0.7457,0.832,1.8205,0.7391
52975,947.474,403.8672,167.833,53437,259.7111,0.9096,0.9914,0.5427,0.7416,2.4064,0.6431
100505,1212.461,462.001,278.3735,101522,357.7247,0.7981,0.99,0.7302,0.8591,1.6596,0.7743
82714,1110.892,424.8677,249.006,83533,324.5223,0.8103,0.9902,0.7393,0.8423,1.7063,0.7638
108803,1399.308,602.1861,230.3186,109682,372.1993,0.924,0.992,0.7678,0.6983,2.6146,0.6181
64911,987.247,388.9481,213.654,65609,287.4844,0.8356,0.9894,0.7344,0.8369,1.8205,0.7391
76925,1174.328,504.4162,194.8795,77756,312.96,0.9224,0.9893,0.7498,0.701,2.5884,0.6204
93982,1220.094,486.5058,247.5234,95165,345.9214,0.8609,0.9876,0.6997,0.7934,1.9655,0.711
72624,1030.932,400.3075,233.6543,73123,304.0851,0.812,0.9932,0.7435,0.8587,1.7132,0.7596
66922,988.42,376.4136,227.9987,67537,291.9036,0.7957,0.9909,0.7121,0.8608,1.6509,0.7755
86915,1195.397,497.3618,223.0116,87555,332.6614,0.8938,0.9927,0.5985,0.7643,2.2302,0.6689
65386,1017.984,389.2751,217.0287,66640,288.5343,0.8302,0.9812,0.7471,0.7929,1.7937,0.7412
94411,1257.53,525.3441,229.5001,95183,346.71,0.8995,0.9919,0.5981,0.7502,2.2891,0.66
102314,1251.75,500.8992,260.3758,103318,360.9297,0.8543,0.9903,0.6334,0.8206,1.9238,0.7206
68697,1111.683,481.5484,183.763,69826,295.7494,0.9243,0.9838,0.7106,0.6985,2.6205,0.6142
79661,1129.335,444.1217,230.4431,80966,318.4769,0.8549,0.9839,0.7094,0.7849,1.9273,0.7171
72694,1107.961,470.4345,197.5908,73269,304.2316,0.9075,0.9922,0.7662,0.7441,2.3809,0.6467
81230,1165.571,492.0282,210.8851,81945,321.598,0.9035,0.9913,0.7597,0.7514,2.3332,0.6536
82684,1177.123,495.6879,213.9969,83294,324.4635,0.902,0.9927,0.5864,0.7499,2.3163,0.6546
73914,1070.591,438.1739,215.7454,74392,306.7739,0.8704,0.9936,0.644,0.8104,2.031,0.7001
71531,1006.504,380.7039,240.1967,72073,301.7882,0.7758,0.9925,0.7183,0.8873,1.585,0.7927
66604,1019.003,410.5769,207.8932,67237,291.2093,0.8623,0.9906,0.7393,0.806,1.9749,0.7093
77870,1160.802,426.3172,233.5855,79026,314.8764,0.8365,0.9854,0.6376,0.7262,1.8251,0.7386
66259,1013.8,410.581,206.1564,66874,290.4541,0.8648,0.9908,0.7326,0.8101,1.9916,0.7074
88135,1208.556,492.3325,230.7307,89051,334.988,0.8834,0.9897,0.6898,0.7583,2.1338,0.6804
84130,1144.557,456.6034,235.264,84914,327.2883,0.857,0.9908,0.7556,0.807,1.9408,0.7168
68156,1064.093,387.2451,225.5328,69811,294.5826,0.8129,0.9763,0.6553,0.7564,1.717,0.7607
62862,978.512,376.2576,213.0009,63538,282.9106,0.8243,0.9894,0.6808,0.825,1.7665,0.7519
69309,1014.274,398.5365,222.2259,69841,297.0639,0.8301,0.9924,0.6751,0.8466,1.7934,0.7454
97349,1331.561,570.1317,218.0814,98088,352.0633,0.924,0.9925,0.5043,0.69,2.6143,0.6175
88144,1131.455,433.786,259.8652,88901,335.0051,0.8007,0.9915,0.7409,0.8652,1.6693,0.7723
68712,1025.339,410.3945,214.398,69352,295.7817,0.8527,0.9908,0.7175,0.8213,1.9142,0.7207
80082,1091.525,416.7697,245.9021,80992,319.3173,0.8074,0.9888,0.7138,0.8447,1.6949,0.7662
87169,1142.486,438.4773,254.6321,87929,333.1471,0.8141,0.9914,0.7317,0.8392,1.722,0.7598
75133,1084.755,432.5863,223.1888,76161,309.2932,0.8566,0.9865,0.7541,0.8024,1.9382,0.715
73030,1107.544,468.1412,199.4204,73777,304.9339,0.9047,0.9899,0.5559,0.7482,2.3475,0.6514
76901,1128.564,468.7965,209.5557,77636,312.9112,0.8945,0.9905,0.5718,0.7587,2.2371,0.6675
112914,1408.755,600.6007,239.725,113754,379.1656,0.9169,0.9926,0.734,0.715,2.5054,0.6313
81601,1095.816,418.4185,249.6238,82693,322.3315,0.8025,0.9868,0.7512,0.8539,1.6762,0.7704
77975,1115.537,457.1558,218.222,78637,315.0886,0.8787,0.9916,0.7354,0.7874,2.0949,0.6892
64970,1003.365,395.6425,211.4287,65720,287.615,0.8452,0.9886,0.7153,0.811,1.8713,0.727
96569,1286.524,549.6392,224.3953,97350,350.6501,0.9129,0.992,0.7379,0.7332,2.4494,0.638
73111,1106.783,466.66,200.6157,73767,305.103,0.9029,0.9911,0.6726,0.75,2.3261,0.6538
103529,1331.48,561.6831,236.1687,104513,363.0664,0.9073,0.9906,0.7492,0.7338,2.3783,0.6464
65563,984.774,393.3192,212.8785,66035,288.9246,0.8409,0.9929,0.7296,0.8496,1.8476,0.7346
87484,1147.175,438.5324,256.1463,88362,333.7485,0.8117,0.9901,0.7197,0.8354,1.712,0.7611
76461,1109.189,441.9541,221.2408,77634,312.0147,0.8657,0.9849,0.7438,0.781,1.9976,0.706
75486,1195.25,515.5444,188.0288,76527,310.019,0.9311,0.9864,0.5924,0.664,2.7418,0.6013
72940,1080.588,440.1881,212.9034,73668,304.7459,0.8753,0.9901,0.6008,0.785,2.0675,0.6923
64555,982.531,392.3542,210.6085,65291,286.6949,0.8437,0.9887,0.7475,0.8403,1.863,0.7307
68506,1003.804,386.3475,226.9065,69259,295.338,0.8094,0.9891,0.7349,0.8544,1.7027,0.7644
69528,1049.346,414.5252,215.1771,70426,297.5329,0.8547,0.9872,0.6144,0.7935,1.9264,0.7178
71719,1037.991,407.5559,226.0236,72393,302.1845,0.8321,0.9907,0.7385,0.8365,1.8032,0.7415
85316,1214.989,518.8345,209.7794,85904,329.5872,0.9146,0.9932,0.7113,0.7263,2.4732,0.6352
68147,990.116,380.1906,228.9568,68743,294.5632,0.7983,0.9913,0.6934,0.8735,1.6605,0.7748
73315,1041.828,398.219,234.9406,73946,305.5283,0.8074,0.9915,0.6966,0.8488,1.695,0.7672
84348,1115.329,439.8464,244.5711,85024,327.7121,0.8312,0.992,0.7289,0.8521,1.7984,0.7451
72537,1079.889,445.9191,209.0018,73318,303.9029,0.8834,0.9893,0.6387,0.7816,2.1336,0.6815
89388,1196.951,494.6785,231.3656,90135,337.3608,0.8839,0.9917,0.7454,0.784,2.1381,0.682
97267,1259.324,519.9828,239.0269,98109,351.915,0.8881,0.9914,0.745,0.7707,2.1754,0.6768
69375,1020.072,400.8691,221.583,69988,297.2053,0.8333,0.9912,0.712,0.8378,1.8091,0.7414
76753,1039.69,385.1215,255.1327,77503,312.6099,0.7491,0.9903,0.7273,0.8923,1.5095,0.8117
72286,1052.386,421.8169,218.8018,73030,303.3767,0.8549,0.9898,0.641,0.8202,1.9278,0.7192
111384,1415.856,608.6775,234.2743,112407,376.588,0.923,0.9909,0.7477,0.6982,2.5981,0.6187
91099,1190.939,458.939,254.1214,92367,340.5743,0.8327,0.9863,0.7292,0.8071,1.806,0.7421
66415,1011.133,398.9478,212.8399,67025,290.7958,0.8458,0.9909,0.6845,0.8163,1.8744,0.7289
77078,1101.577,454.2443,216.8262,77638,313.2711,0.8787,0.9928,0.6784,0.7982,2.095,0.6897
66204,1006.743,320.8446,279.3001,67295,290.3335,0.4921,0.9838,0.6315,0.8208,1.1487,0.9049
73191,1041.46,405.8132,231.4261,73969,305.2698,0.8215,0.9895,0.7165,0.848,1.7535,0.7522
89091,1138.972,443.718,256.1033,89964,336.7999,0.8166,0.9903,0.7407,0.863,1.7326,0.759
75637,1173.078,509.0993,190.1046,76350,310.3289,0.9277,0.9907,0.6017,0.6907,2.678,0.6096
91338,1229.229,518.6496,224.3548,92016,341.0208,0.9016,0.9926,0.7284,0.7596,2.3117,0.6575
65320,1001.012,399.9118,210.6512,66404,288.3886,0.85,0.9837,0.6542,0.8192,1.8985,0.7211
57894,965.186,383.122,193.3357,58879,271.5013,0.8633,0.9833,0.7792,0.7809,1.9816,0.7087
83848,1108.646,431.2462,248.8118,84456,326.7393,0.8168,0.9928,0.7117,0.8573,1.7332,0.7577
75097,1158.385,498.9904,193.473,75817,309.2191,0.9218,0.9905,0.7028,0.7033,2.5791,0.6197
82992,1119.277,422.5292,250.6965,83998,325.0672,0.805,0.988,0.7064,0.8325,1.6854,0.7693
78565,1140.593,472.7074,212.3134,79268,316.2785,0.8935,0.9911,0.6593,0.7589,2.2265,0.6691
82330,1118.719,443.3275,237.829,83009,323.7681,0.8439,0.9918,0.693,0.8267,1.8641,0.7303
74176,1120.722,465.7347,203.5401,75100,307.3171,0.8994,0.9877,0.6012,0.7421,2.2882,0.6599
66682,1004.941,385.9904,221.3974,67537,291.3798,0.8191,0.9873,0.6488,0.8297,1.7434,0.7549
84635,1124.284,432.9209,250.5192,85438,328.2691,0.8156,0.9906,0.702,0.8414,1.7281,0.7583
76810,1187.56,518.7861,189.1252,77572,312.726,0.9312,0.9902,0.7448,0.6844,2.7431,0.6028
90274,1128.662,422.2613,273.1724,90999,339.0287,0.7626,0.992,0.7181,0.8905,1.5458,0.8029
80264,1192.884,507.3202,202.5243,80991,319.68,0.9169,0.991,0.5333,0.7088,2.505,0.6301
105158,1271.152,490.9413,273.8355,106080,365.9116,0.83,0.9913,0.6976,0.8178,1.7928,0.7453
105706,1234.898,461.5564,292.53,106736,366.8638,0.7735,0.9904,0.7302,0.8711,1.5778,0.7948
79959,1138.753,447.6662,228.2963,81515,319.072,0.8602,0.9809,0.7373,0.7749,1.9609,0.7127
94983,1198.26,477.5088,253.8058,95906,347.7587,0.847,0.9904,0.7302,0.8313,1.8814,0.7283
77538,1210.669,526.9045,187.9819,78333,314.2045,0.9342,0.9899,0.5362,0.6648,2.803,0.5963
106188,1256.137,477.3815,285.4023,107392,367.6993,0.8016,0.9888,0.7002,0.8457,1.6727,0.7702
70565,1046.164,418.0043,216.5399,71390,299.7435,0.8554,0.9884,0.7094,0.8102,1.9304,0.7171
72307,1043.625,408.1583,226.2904,72918,303.4207,0.8322,0.9916,0.6656,0.8343,1.8037,0.7434
71802,1033.31,390.4901,235.1907,72633,302.3593,0.7983,0.9886,0.7201,0.8451,1.6603,0.7743
66755,978.902,372.6831,228.9288,67308,291.5392,0.7891,0.9918,0.7326,0.8754,1.6279,0.7823
76249,1064.508,421.7171,230.6479,76789,311.5818,0.8372,0.993,0.7276,0.8456,1.8284,0.7388
55816,945.573,385.8759,184.8815,56414,266.5842,0.8777,0.9894,0.7054,0.7845,2.0872,0.6909
85339,1124.952,439.0822,249.1872,86265,329.6316,0.8234,0.9893,0.747,0.8474,1.7621,0.7507
80150,1130.443,447.8462,228.7348,80928,319.4529,0.8597,0.9904,0.6395,0.7882,1.9579,0.7133
71556,1095.265,457.3556,200.7108,72376,301.8409,0.8986,0.9887,0.7329,0.7496,2.2787,0.66
72824,1143.769,493.4279,189.1745,73862,304.5035,0.9236,0.9859,0.6136,0.6995,2.6083,0.6171
74733,1128.328,479.1548,198.9175,75315,308.4688,0.9098,0.9923,0.5504,0.7377,2.4088,0.6438
82133,1153.061,444.589,235.6439,83220,323.3806,0.848,0.9869,0.7324,0.7763,1.8867,0.7274
65593,975.947,376.7856,222.4426,66217,288.9907,0.8071,0.9906,0.7633,0.8654,1.6939,0.767
78509,1189.57,515.0577,195.0464,79786,316.1657,0.9255,0.984,0.7561,0.6972,2.6407,0.6138
62878,963.479,374.3887,214.6843,63487,282.9466,0.8193,0.9904,0.6775,0.8512,1.7439,0.7558
64896,1039.316,430.1199,193.0693,66107,287.4511,0.8936,0.9817,0.6375,0.755,2.2278,0.6683
67258,1033.485,412.7968,208.3175,68108,292.6355,0.8633,0.9875,0.644,0.7913,1.9816,0.7089
76991,1110.857,456.6792,215.1997,77735,313.0942,0.882,0.9904,0.7472,0.784,2.1221,0.6856
69144,1037.539,414.1029,214.2205,70111,296.7101,0.8558,0.9862,0.6969,0.8072,1.9331,0.7165
94555,1271.262,533.2778,226.8304,95804,346.9743,0.905,0.987,0.5474,0.7352,2.351,0.6506
73830,1049.961,408.9587,231.2489,74577,306.5995,0.8248,0.99,0.6502,0.8416,1.7685,0.7497
75574,1066.116,411.8512,236.1875,76639,310.1996,0.8192,0.9861,0.7502,0.8356,1.7437,0.7532
90221,1203.872,496.4069,231.9848,90947,338.9291,0.8841,0.992,0.749,0.7823,2.1398,0.6828
66458,992.051,381.5638,222.5322,67118,290.8899,0.8123,0.9902,0.7396,0.8486,1.7146,0.7624
108654,1376.437,584.4799,238.2707,109985,371.9443,0.9131,0.9879,0.6113,0.7207,2.453,0.6364
91674,1230.475,503.7944,232.7883,92561,341.6474,0.8868,0.9904,0.7627,0.7609,2.1642,0.6781
85309,1265.954,550.4167,200.7066,86486,329.5737,0.9311,0.9864,0.7082,0.6689,2.7424,0.5988
72207,1059.358,427.1945,216.074,73179,303.2108,0.8627,0.9867,0.6363,0.8085,1.9771,0.7098
70395,1088.52,465.1036,193.3899,71016,299.3822,0.9095,0.9913,0.7506,0.7466,2.405,0.6437
104566,1400.499,613.415,219.4158,105550,364.8802,0.9338,0.9907,0.7624,0.6699,2.7957,0.5948
61319,941.432,353.6914,222.137,62304,279.4168,0.7782,0.9842,0.7085,0.8694,1.5922,0.79
87631,1237.636,531.1878,210.8808,88328,334.0288,0.9178,0.9921,0.569,0.7189,2.5189,0.6288
58433,913.194,342.5092,218.3305,58984,272.7622,0.7705,0.9907,0.7517,0.8805,1.5688,0.7964
71368,1053.506,427.3409,213.1792,72230,301.4441,0.8667,0.9881,0.7279,0.8081,2.0046,0.7054
97497,1223.06,468.6295,266.2156,98484,352.3309,0.823,0.99,0.7307,0.819,1.7603,0.7518
90346,1173.761,462.2198,250.0358,91444,339.1638,0.8411,0.988,0.7412,0.8241,1.8486,0.7338
88674,1205.486,503.7622,224.4789,89375,336.0108,0.8952,0.9922,0.7137,0.7668,2.2441,0.667
90342,1202.003,497.9628,231.2616,91195,339.1563,0.8856,0.9906,0.7656,0.7858,2.1532,0.6811
73288,1020.899,385.1922,243.4684,74070,305.4721,0.7749,0.9894,0.7388,0.8836,1.5821,0.793
92227,1205.53,481.6156,245.7167,93202,342.6763,0.8601,0.9895,0.702,0.7975,1.96,0.7115
86749,1130.943,438.6087,252.907,87570,332.3436,0.817,0.9906,0.7313,0.8523,1.7343,0.7577
68837,1022.949,399.2906,220.1447,69510,296.0507,0.8343,0.9903,0.6886,0.8267,1.8138,0.7414
94496,1333.288,545.3045,223.8304,96097,346.866,0.9119,0.9833,0.6177,0.668,2.4362,0.6361
66125,1055.77,443.1698,191.9069,66757,290.1602,0.9014,0.9905,0.7262,0.7455,2.3093,0.6547
67355,986.926,382.8355,225.5858,67861,292.8465,0.808,0.9925,0.6984,0.869,1.6971,0.7649
71393,1096.533,459.2091,199.1305,72203,301.4969,0.9011,0.9888,0.6,0.7461,2.3061,0.6566
69701,1011.576,387.5061,230.4676,70533,297.9028,0.8039,0.9882,0.7647,0.856,1.6814,0.7688
70129,1089.115,422.1215,212.8863,71515,298.816,0.8635,0.9806,0.6162,0.743,1.9828,0.7079
81290,1248.449,548.9811,189.0479,82120,321.7167,0.9388,0.9899,0.774,0.6554,2.9039,0.586
93261,1229.362,509.301,234.175,93958,344.5919,0.888,0.9926,0.7502,0.7754,2.1749,0.6766
87747,1161.01,448.6355,250.7422,89050,334.2498,0.8292,0.9854,0.67,0.818,1.7892,0.745
68482,1054.316,443.5812,196.8576,69085,295.2863,0.8961,0.9913,0.6133,0.7742,2.2533,0.6657
73348,1099.137,455.4035,206.7717,74168,305.5971,0.891,0.9889,0.7264,0.7629,2.2024,0.671
60455,1011.012,412.2161,188.4316,61359,277.4413,0.8894,0.9853,0.7503,0.7432,2.1876,0.673
77793,1112.013,451.9581,220.194,78655,314.7207,0.8733,0.989,0.6546,0.7906,2.0525,0.6963
89243,1226.934,515.7186,221.1813,89988,337.0871,0.9034,0.9917,0.5553,0.745,2.3317,0.6536
73873,1085.918,443.1738,213.5191,74764,306.6888,0.8763,0.9881,0.6932,0.7872,2.0756,0.692
76016,1061.891,420.9842,230.6937,76632,311.1054,0.8365,0.992,0.7488,0.8471,1.8249,0.739
70151,1014.96,394.5982,226.9489,70834,298.8629,0.8181,0.9904,0.6864,0.8557,1.7387,0.7574
100403,1270.844,524.998,244.0644,101143,357.5431,0.8854,0.9927,0.7399,0.7812,2.1511,0.681
86598,1242.787,534.4844,206.701,87432,332.0542,0.9222,0.9905,0.755,0.7046,2.5858,0.6213
60851,1022.811,432.6189,179.6235,61612,278.3485,0.9097,0.9876,0.7435,0.7309,2.4085,0.6434
56561,902.59,342.3154,210.7994,57075,268.3574,0.7879,0.991,0.7351,0.8725,1.6239,0.7839
72433,1082.509,440.8155,210.3908,73140,303.685,0.8788,0.9903,0.7269,0.7768,2.0952,0.6889
56700,944.089,364.9163,201.7569,57658,268.687,0.8333,0.9834,0.7175,0.7994,1.8087,0.7363
109914,1443.428,632.108,221.9675,110931,374.0947,0.9363,0.9908,0.7529,0.6629,2.8478,0.5918
66847,1029.008,406.4758,211.0741,67571,291.74,0.8546,0.9893,0.7156,0.7933,1.9257,0.7177
72013,1055.337,414.4705,222.3482,72878,302.8032,0.8439,0.9881,0.6707,0.8125,1.8641,0.7306
81456,1147.533,471.3155,220.7438,82454,322.045,0.8835,0.9879,0.6884,0.7773,2.1351,0.6833
105708,1298.708,536.2754,251.9351,106758,366.8673,0.8828,0.9902,0.7333,0.7876,2.1286,0.6841
71127,1092.926,465.5208,195.1605,71760,300.9347,0.9079,0.9912,0.772,0.7483,2.3853,0.6464
64858,1009.858,401.2946,206.6197,65700,287.367,0.8573,0.9872,0.6373,0.7992,1.9422,0.7161
82272,1121.769,459.4482,228.278,82865,323.6541,0.8678,0.9928,0.7321,0.8216,2.0127,0.7044
75494,1200.599,535.5717,179.7864,76136,310.0354,0.942,0.9916,0.7769,0.6582,2.9789,0.5789
65457,1025.784,421.3851,199.1137,66401,288.6909,0.8813,0.9858,0.7277,0.7817,2.1163,0.6851
60061,966.982,387.2495,199.9434,60739,276.5358,0.8564,0.9888,0.7147,0.8072,1.9368,0.7141
70636,1008.081,392.4988,230.015,71177,299.8942,0.8103,0.9924,0.7322,0.8735,1.7064,0.7641
88773,1198.415,474.2053,238.6387,89602,336.1983,0.8641,0.9907,0.6428,0.7767,1.9871,0.709
81467,1097.772,426.436,244.2336,82262,322.0668,0.8197,0.9903,0.6644,0.8495,1.746,0.7553
67314,1012.587,400.4162,215.2215,67997,292.7573,0.8433,0.99,0.6561,0.825,1.8605,0.7311
69397,1005.442,396.2666,223.6121,69973,297.2524,0.8256,0.9918,0.7414,0.8627,1.7721,0.7501
78351,1106.408,437.9891,228.2666,79359,315.8474,0.8535,0.9873,0.7448,0.8043,1.9188,0.7211
72882,1046.463,407.273,228.8424,74144,304.6248,0.8272,0.983,0.669,0.8363,1.7797,0.748
107171,1408.115,616.0277,222.1401,108266,369.3973,0.9327,0.9899,0.7664,0.6792,2.7731,0.5996
